date,open,high,low,close,volume,amount
2024-08-05,0.9820,0.9980,0.9500,0.9530,81416729,79900439
2024-08-06,0.9680,0.9740,0.9540,0.9670,21017397,20249185
2024-08-07,0.9630,0.9730,0.9590,0.9610,7358626,7120307
2024-08-08,0.9580,0.9840,0.9460,0.9720,14974772,14516768
2024-08-09,0.9780,0.9890,0.9610,0.9640,9797838,9545060
2024-08-12,0.9640,0.9640,0.9500,0.9520,4907361,4680137
2024-08-13,0.9510,0.9620,0.9510,0.9600,6217357,5943144
2024-08-14,0.9600,0.9630,0.9390,0.9400,9886242,9392049
2024-08-15,0.9400,0.9540,0.9340,0.9460,6509207,6133973
2024-08-16,0.9460,0.9510,0.9400,0.9420,3831470,3616495
2024-08-19,0.9400,0.9470,0.9330,0.9360,4154233,3901300
2024-08-20,0.9330,0.9360,0.9190,0.9210,8559267,7916549
2024-08-21,0.9190,0.9270,0.9110,0.9150,1971186,1813308
2024-08-22,0.9140,0.9170,0.8980,0.9000,5488349,4952753
2024-08-23,0.8910,0.8960,0.8790,0.8900,12818093,11341784
2024-08-26,0.8880,0.9020,0.8880,0.8940,6646258,5958474
2024-08-27,0.8910,0.8920,0.8830,0.8860,4277364,3791608
2024-08-28,0.8810,0.8940,0.8810,0.8890,4650610,4134527
2024-08-29,0.8890,0.9120,0.8850,0.9050,8514552,7682461
2024-08-30,0.9060,0.9400,0.9030,0.9300,11946398,11077473
2024-09-02,0.9300,0.9300,0.8950,0.8950,4474607,4081844
2024-09-03,0.8950,0.9080,0.8950,0.9020,2217754,1998753
2024-09-04,0.9020,0.9060,0.8890,0.8970,2833181,2548867
2024-09-05,0.9020,0.9030,0.8940,0.9010,3616824,3248089
2024-09-06,0.9020,0.9020,0.8780,0.8790,3457000,3063219
2024-09-09,0.8880,0.8880,0.8730,0.8740,2360211,2075307
2024-09-10,0.8780,0.8900,0.8680,0.8850,4427740,3886848
2024-09-11,0.8840,0.8880,0.8800,0.8850,2505737,2216941
2024-09-12,0.8900,0.8950,0.8780,0.8800,4496077,3970553
2024-09-13,0.8750,0.8810,0.8560,0.8560,16131800,13990518
2024-09-18,0.8570,0.8700,0.8550,0.8630,5638403,4856171
2024-09-19,0.8600,0.8740,0.8500,0.8620,5636901,4865134
2024-09-20,0.8600,0.8640,0.8460,0.8520,3945363,3357815
2024-09-23,0.8510,0.8560,0.8360,0.8380,3205114,2706203
2024-09-24,0.8380,0.8740,0.8330,0.8720,9950768,8481524
2024-09-25,0.8720,0.8960,0.8690,0.8700,6962155,6157172
2024-09-26,0.8730,0.9070,0.8640,0.9060,8192600,7238495
2024-09-27,0.9150,0.9690,0.9150,0.9660,17561585,16642902
2024-09-30,0.9900,1.0630,0.9900,1.0630,56658907,58795202
2024-10-08,1.1690,1.1690,1.1690,1.1690,3829387,4476553
2024-10-09,1.2860,1.2860,1.1700,1.2860,46410203,58924850
2024-10-10,1.2950,1.3000,1.1830,1.2060,35146625,43467167
2024-10-11,1.2060,1.2060,1.1140,1.1260,20150657,23055608
2024-10-14,1.1260,1.1640,1.0940,1.1550,19076665,21595556
2024-10-15,1.1550,1.1890,1.1400,1.1410,14529474,16981746
2024-10-16,1.1330,1.1400,1.1100,1.1220,8863422,9991934
2024-10-17,1.1230,1.1490,1.1180,1.1190,9342451,10537011
2024-10-18,1.1200,1.2310,1.1150,1.2310,34953688,41249561
2024-10-21,1.2420,1.3210,1.2320,1.2420,36341187,46048318
2024-10-22,1.2420,1.2660,1.1800,1.2310,21018594,25899136
2024-10-23,1.2270,1.2440,1.2060,1.2220,12382471,15162400
2024-10-24,1.2220,1.2390,1.2110,1.2230,7583340,9293379
2024-10-25,1.2180,1.2590,1.2180,1.2430,7597820,9406309
2024-10-28,1.2430,1.2430,1.2230,1.2290,5480237,6730714
2024-10-29,1.2310,1.2550,1.2200,1.2220,6738800,8309673
2024-10-30,1.2220,1.2290,1.2050,1.2170,5978833,7264365
2024-10-31,1.2170,1.2780,1.2020,1.2640,12541636,15651504
2024-11-01,1.2620,1.2730,1.2240,1.2260,8330812,10407547
2024-11-04,1.2090,1.2730,1.2090,1.2620,12439514,15618270
2024-11-05,1.2620,1.3100,1.2500,1.2990,12264893,15806310
2024-11-06,1.3060,1.3380,1.2830,1.3040,12448358,16296951
2024-11-07,1.3040,1.3400,1.2730,1.3390,10890442,14402303
2024-11-08,1.3460,1.4400,1.3460,1.3990,19689380,27579988
2024-11-11,1.4170,1.5250,1.4000,1.4980,40529687,60107144
2024-11-12,1.5000,1.5220,1.4430,1.4670,29794691,44194683
2024-11-13,1.4620,1.4870,1.4380,1.4680,20996115,30714846
2024-11-14,1.4750,1.4750,1.4000,1.4050,15790702,22660334
2024-11-15,1.3950,1.4170,1.3280,1.3330,17569641,23990569
2024-11-18,1.3410,1.3510,1.3010,1.3120,22021700,29152149
2024-11-19,1.3110,1.3590,1.3000,1.3580,19652641,26177751
2024-11-20,1.3560,1.3600,1.3280,1.3540,15763200,21285420
2024-11-21,1.3530,1.3700,1.3410,1.3570,16551706,22436832
2024-11-22,1.3580,1.3770,1.3040,1.3050,10153000,13644425
2024-11-25,1.3060,1.3360,1.2840,1.3150,18885907,24708984
2024-11-26,1.3150,1.3160,1.2810,1.2930,9852600,12791054
2024-11-27,1.2880,1.3230,1.2520,1.3230,11734314,15065270
2024-11-28,1.3170,1.3370,1.3100,1.3110,10749606,14200388
2024-11-29,1.3170,1.3550,1.2900,1.3390,9450009,12549245
2024-12-02,1.3390,1.3500,1.3220,1.3440,9437404,12632116
2024-12-03,1.3590,1.3780,1.3170,1.3270,13471306,18022562
2024-12-04,1.3550,1.3570,1.3060,1.3110,15960900,21322493
2024-12-05,1.3020,1.3090,1.2940,1.3030,10981500,14280794
2024-12-06,1.3030,1.3280,1.2880,1.3180,15648004,20528182
2024-12-09,1.3180,1.3180,1.2860,1.2950,8974007,11682924
2024-12-10,1.3420,1.3570,1.3020,1.3080,15839500,21061598
2024-12-11,1.2950,1.3200,1.2920,1.2960,12025105,15701792
2024-12-12,1.2960,1.3050,1.2840,1.2970,9738605,12575314
2024-12-13,1.2870,1.2960,1.2680,1.2690,10142618,12933050
2024-12-16,1.2690,1.2690,1.2260,1.2290,9402500,11640134
2024-12-17,1.2300,1.2370,1.2220,1.2240,6822300,8386031
2024-12-18,1.2290,1.2520,1.2250,1.2400,7257200,9007462
2024-12-19,1.2300,1.2540,1.2200,1.2440,6101100,7552992
2024-12-20,1.2450,1.2920,1.2390,1.2740,11711407,14859598
2024-12-23,1.2810,1.2810,1.2440,1.2500,8235700,10376571
2024-12-24,1.2500,1.2640,1.2290,1.2630,11991402,14957982
2024-12-25,1.2630,1.2630,1.2350,1.2410,6207300,7737498
2024-12-26,1.2410,1.2530,1.2350,1.2510,5300800,6610558
2024-12-27,1.2500,1.2770,1.2370,1.2500,8606200,10839852
2024-12-30,1.2350,1.2590,1.2300,1.2400,4398802,5464413
2024-12-31,1.2300,1.2400,1.1870,1.1880,10437500,12607843
2025-01-02,1.1800,1.1870,1.1280,1.1440,11484803,13293453
2025-01-03,1.1460,1.1560,1.1250,1.1270,7040301,8035890
2025-01-06,1.1250,1.1400,1.1240,1.1290,5302400,5997507
2025-01-07,1.1350,1.1570,1.1340,1.1570,8073748,9260647
2025-01-08,1.1460,1.1590,1.1110,1.1470,7315848,8328564
2025-01-09,1.1460,1.1590,1.1410,1.1490,6283400,7244471
2025-01-10,1.1460,1.1720,1.1350,1.1350,6507030,7521207
2025-01-13,1.1290,1.1450,1.1200,1.1390,5491006,6220782
2025-01-14,1.1410,1.1900,1.1360,1.1890,9199006,10787232
2025-01-15,1.1860,1.1910,1.1740,1.1780,4895000,5787657
2025-01-16,1.1820,1.2150,1.1730,1.1870,8861504,10565374
2025-01-17,1.1800,1.2150,1.1600,1.1990,8227106,9821484
2025-01-20,1.2040,1.2080,1.1850,1.1940,7236306,8650931
2025-01-21,1.2070,1.2070,1.1810,1.1950,9428404,11243857
2025-01-22,1.1920,1.1950,1.1780,1.1820,5273400,6236927
2025-01-23,1.1940,1.2090,1.1760,1.1770,7203499,8596876
2025-01-24,1.1780,1.1890,1.1750,1.1860,4210800,4984635
2025-01-27,1.1880,1.2050,1.1610,1.1610,4291804,5039883
2025-02-05,1.1740,1.1790,1.1620,1.1660,4532900,5301705
2025-02-06,1.1660,1.2290,1.1600,1.2290,14953801,18021828
2025-02-07,1.2290,1.2480,1.2000,1.2300,15689914,19301261
2025-02-10,1.2300,1.2340,1.2140,1.2330,11507401,14107140
2025-02-11,1.2260,1.2270,1.2060,1.2170,5788331,7035318
2025-02-12,1.2140,1.2500,1.2140,1.2490,12469002,15361546
2025-02-13,1.2480,1.2490,1.2230,1.2240,10766400,13282974
2025-02-14,1.2120,1.2230,1.2020,1.2170,9383408,11359832
2025-02-17,1.2120,1.2360,1.2120,1.2310,12959512,15871817
2025-02-18,1.2340,1.2660,1.2230,1.2260,13770503,17152403
2025-02-19,1.2210,1.2900,1.2210,1.2900,16774912,21212860
2025-02-20,1.2870,1.2980,1.2790,1.2890,9908932,12760434
2025-02-21,1.2890,1.3260,1.2860,1.3180,13353624,17476569
2025-02-24,1.3190,1.3520,1.3080,1.3420,18158303,24223978
2025-02-25,1.3170,1.3580,1.3060,1.3290,14471026,19223995
2025-02-26,1.3290,1.3430,1.3100,1.3360,10083400,13393599
2025-02-27,1.3330,1.3360,1.2960,1.3200,8149944,10740206
2025-02-28,1.3200,1.3260,1.2750,1.2790,10678203,13894195
2025-03-03,1.2790,1.2900,1.2630,1.2670,11004900,14041797
2025-03-04,1.2570,1.2910,1.2490,1.2830,7921900,10074363
2025-03-05,1.2830,1.2970,1.2720,1.2860,5578504,7170594
2025-03-06,1.3010,1.3500,1.3010,1.3380,12569796,16778363
2025-03-07,1.3230,1.3460,1.3180,1.3270,13216404,17572929
2025-03-10,1.3270,1.3340,1.3020,1.3100,10020302,13162692
2025-03-11,1.3090,1.3180,1.2900,1.3010,8558702,11156189
2025-03-12,1.3020,1.3090,1.2840,1.2850,8489000,10965450
2025-03-13,1.2840,1.2840,1.2480,1.2550,8281600,10458585
2025-03-14,1.2620,1.2830,1.2550,1.2820,10695005,13630356
2025-03-17,1.2860,1.2910,1.2740,1.2820,5198500,6660569
2025-03-18,1.2850,1.3000,1.2820,1.2850,6847001,8829345
2025-03-19,1.2990,1.2990,1.2630,1.2660,6631400,8434055
2025-03-20,1.2660,1.2680,1.2500,1.2520,4513906,5674117
2025-03-21,1.2610,1.2610,1.2250,1.2310,8433304,10454345
2025-03-24,1.2310,1.2540,1.2210,1.2440,8439007,10458261
2025-03-25,1.2440,1.2450,1.2300,1.2350,4063500,5028082
2025-03-26,1.2330,1.2460,1.2270,1.2290,5670707,7017272
2025-03-27,1.2270,1.2620,1.2180,1.2460,8280305,10277255
2025-03-28,1.2430,1.2600,1.2190,1.2220,8064300,9946170
2025-03-31,1.2280,1.2320,1.2070,1.2230,6354100,7768549
2025-04-01,1.2180,1.2490,1.2180,1.2410,6831701,8451766
2025-04-02,1.2370,1.2410,1.2250,1.2330,4378900,5402166
2025-04-03,1.2190,1.2500,1.2140,1.2320,4799600,5943118
2025-04-07,1.1560,1.2210,1.1090,1.1410,12617100,14701821
2025-04-08,1.1410,1.1780,1.1250,1.1450,9430908,10790735
2025-04-09,1.1200,1.2150,1.1090,1.1980,11854666,14057468
2025-04-10,1.2040,1.2280,1.2010,1.2060,8841300,10741185
2025-04-11,1.2100,1.2710,1.1900,1.2440,11660201,14412201
2025-04-14,1.2510,1.2560,1.2300,1.2400,8936405,11083241
2025-04-15,1.2380,1.2380,1.2170,1.2270,4066600,4974235
2025-04-16,1.2270,1.2390,1.2160,1.2380,5470100,6727889
2025-04-17,1.2250,1.2500,1.2250,1.2340,4442005,5508267
2025-04-18,1.2310,1.2310,1.2100,1.2160,3331500,4056508
2025-04-21,1.2160,1.2300,1.2130,1.2290,2938607,3600516
2025-04-22,1.2290,1.2530,1.2190,1.2420,5712419,7091689
2025-04-23,1.2400,1.2450,1.2240,1.2330,3885018,4787187
2025-04-24,1.2280,1.2320,1.2170,1.2230,2266900,2773037
2025-04-25,1.2210,1.2280,1.2010,1.2250,4878501,5944550
2025-04-28,1.2250,1.2310,1.2140,1.2220,3769301,4622601
2025-04-29,1.2130,1.2240,1.2130,1.2220,2253506,2749920
2025-04-30,1.2180,1.2330,1.2170,1.2300,5333900,6549815
2025-05-06,1.2300,1.2570,1.2300,1.2570,7102405,8871216
2025-05-07,1.2590,1.2700,1.2420,1.2490,5854700,7340336
2025-05-08,1.2490,1.2580,1.2400,1.2520,4574500,5720978
2025-05-09,1.2520,1.2520,1.2180,1.2210,11218300,13733883
2025-05-12,1.2330,1.2330,1.2170,1.2250,9557000,11681978
2025-05-13,1.2280,1.2330,1.2140,1.2150,8198400,10025831
2025-05-14,1.2160,1.2300,1.2150,1.2240,6654800,8118573
2025-05-15,1.2220,1.2220,1.2000,1.2010,7067400,8535906
2025-05-16,1.2000,1.2080,1.1970,1.1970,6286600,7553424
2025-05-19,1.1920,1.2090,1.1920,1.2050,6968400,8382589
2025-05-20,1.2060,1.2110,1.2000,1.2080,6769500,8179128
2025-05-21,1.2070,1.2120,1.1970,1.2010,5956200,7157040
2025-05-22,1.2000,1.2120,1.1900,1.1920,9118100,10944539
2025-05-23,1.1920,1.1950,1.1810,1.1810,7884000,9364124
2025-05-26,1.1820,1.1990,1.1820,1.1910,6762500,8068917
2025-05-27,1.1910,1.1930,1.1840,1.1880,5236200,6218842
2025-05-28,1.1870,1.1880,1.1670,1.1700,7666900,9007414
2025-05-29,1.1700,1.1940,1.1700,1.1930,4728600,5597422
2025-05-30,1.1940,1.1940,1.1770,1.1850,7525105,8897526
2025-06-03,1.1840,1.2010,1.1690,1.1930,4731800,5630834
2025-06-04,1.1910,1.1960,1.1880,1.1920,7873700,9388328
2025-06-05,1.1920,1.2040,1.1890,1.2040,7248924,8672003
2025-06-06,1.2040,1.2080,1.1980,1.2030,14589100,17558095
2025-06-09,1.2020,1.2090,1.1970,1.2070,10524303,12667378
2025-06-10,1.2070,1.2080,1.1720,1.1770,6916900,8191072
2025-06-11,1.1840,1.1930,1.1780,1.1820,5528100,6541489
2025-06-12,1.1820,1.1820,1.1600,1.1620,6847200,7988302
2025-06-13,1.1620,1.1720,1.1570,1.1680,3832900,4470430
2025-06-16,1.1680,1.1740,1.1550,1.1700,4750800,5549277
2025-06-17,1.1700,1.1730,1.1620,1.1630,4196300,4894621
2025-06-18,1.1640,1.1820,1.1620,1.1750,4908300,5757003
2025-06-19,1.1740,1.1960,1.1740,1.1810,7013100,8315890
2025-06-20,1.1810,1.1990,1.1810,1.1860,5435500,6482835
2025-06-23,1.1860,1.2240,1.1800,1.2190,12589503,15269927
2025-06-24,1.2170,1.2280,1.2100,1.2280,12677300,15442181
2025-06-25,1.2290,1.2370,1.2150,1.2340,22124000,27071320
2025-06-26,1.2340,1.2400,1.2220,1.2250,18960502,23412588
2025-06-27,1.2320,1.2390,1.2190,1.2290,8694500,10701887
2025-06-30,1.2270,1.2560,1.2270,1.2490,7731500,9629544
2025-07-01,1.2530,1.2680,1.2370,1.2590,12325800,15500200
2025-07-02,1.2590,1.2590,1.2290,1.2350,8168403,10118489
2025-07-03,1.2360,1.2380,1.2250,1.2330,4467502,5503630
2025-07-04,1.2430,1.2630,1.2190,1.2370,7536001,9348310
2025-07-07,1.2370,1.2520,1.2350,1.2410,9160200,11404882
2025-07-08,1.2360,1.2570,1.2360,1.2540,6889100,8621790
2025-07-09,1.2540,1.2590,1.2400,1.2430,5707500,7126293
2025-07-10,1.2400,1.2430,1.2330,1.2400,3424400,4240609
2025-07-11,1.2370,1.2510,1.2320,1.2480,4658700,5792275
2025-07-14,1.2550,1.2550,1.2320,1.2350,6385600,7907128
2025-07-15,1.2390,1.2420,1.2240,1.2300,3546400,4363402
2025-07-16,1.2300,1.2420,1.2230,1.2260,2869000,3533279
2025-07-17,1.2270,1.2320,1.2160,1.2310,3970400,4860276
2025-07-18,1.2360,1.2530,1.2330,1.2460,7480400,9307268
2025-07-21,1.2430,1.2480,1.2360,1.2480,10388200,12890486
2025-07-22,1.2430,1.2570,1.2340,1.2510,9153600,11411324
2025-07-23,1.2520,1.2890,1.2500,1.2810,16407800,20903758
2025-07-24,1.2820,1.3030,1.2800,1.3030,6753800,8733808
2025-07-25,1.3030,1.3160,1.2930,1.3150,15751900,20497336
2025-07-28,1.3160,1.3180,1.3020,1.3130,9974044,13056538
2025-07-29,1.3120,1.3290,1.3010,1.3280,11969800,15720503
2025-07-30,1.3270,1.3350,1.3070,1.3170,7928900,10497194
2025-07-31,1.3100,1.3220,1.2830,1.2880,7245200,9422162
2025-08-01,1.2900,1.2960,1.2670,1.2750,5140100,6572981
2025-08-04,1.2700,1.2850,1.2630,1.2850,4147200,5289549
2025-08-05,1.2850,1.2890,1.2760,1.2890,3515800,4516656
2025-08-06,1.2890,1.2990,1.2830,1.2980,4189100,5407027
2025-08-07,1.3030,1.3170,1.2920,1.3010,6921800,9025210
2025-08-08,1.3010,1.3010,1.2830,1.2830,4180502,5391570
2025-08-11,1.2860,1.2970,1.2810,1.2880,3844101,4952543
2025-08-12,1.2900,1.3090,1.2820,1.3030,4596700,5955318
2025-08-13,1.3030,1.3270,1.2960,1.3190,9238919,12173800
2025-08-14,1.3210,1.3470,1.3060,1.3070,9209700,12205838
2025-08-15,1.3070,1.3370,1.2990,1.3350,7660400,10128504
2025-08-18,1.3350,1.3800,1.3320,1.3710,8816408,11976973
2025-08-19,1.3720,1.3720,1.3420,1.3440,6039800,8176017
2025-08-20,1.3440,1.3880,1.3270,1.3870,10788000,14602067
2025-08-21,1.3890,1.4050,1.3760,1.3860,9223101,12821208
2025-08-22,1.3750,1.4800,1.3750,1.4670,13796600,19796188
2025-08-25,1.4840,1.5210,1.4370,1.4600,15297702,22534160
2025-08-26,1.4500,1.4860,1.4360,1.4630,10607700,15507402
2025-08-27,1.4630,1.5210,1.4460,1.4510,20217806,30067472
2025-08-28,1.4480,1.5260,1.4450,1.5260,16285802,24163939
2025-08-29,1.5260,1.5310,1.4570,1.4750,14760300,21761764
2025-09-01,1.4920,1.5200,1.4720,1.5130,12910003,19399103
2025-09-02,1.5100,1.5240,1.4510,1.4690,9286200,13785349
2025-09-03,1.4690,1.4970,1.4480,1.4570,7191100,10549339
2025-09-04,1.4540,1.4550,1.3380,1.3660,11848500,16404164
2025-09-05,1.3660,1.4150,1.3600,1.4140,7059800,9770679
2025-09-08,1.4150,1.4430,1.3940,1.4410,7029900,9934306
2025-09-09,1.4420,1.4420,1.3910,1.4010,4430300,6239069
2025-09-10,1.4010,1.4180,1.3940,1.4010,4371200,6148025
2025-09-11,1.4010,1.4550,1.3690,1.4530,8864700,12694548
2025-09-12,1.4610,1.4820,1.4490,1.4600,6931400,10183527
2025-09-15,1.4910,1.5110,1.4520,1.4620,7094102,10395694
2025-09-16,1.4560,1.4740,1.4490,1.4630,9075900,13250238
2025-09-17,1.4700,1.5240,1.4500,1.5160,18600900,27828510
2025-09-18,1.5160,1.6300,1.5120,1.5710,39501668,62157719
2025-09-19,1.5990,1.6060,1.5550,1.5660,27308701,43235370
2025-09-22,1.5520,1.5980,1.5510,1.5950,19264000,30329953
2025-09-23,1.6120,1.6900,1.5840,1.6800,31856039,51733477
2025-09-24,1.6800,1.8480,1.6660,1.8380,88308803,157873783
2025-09-25,1.8050,1.8270,1.7750,1.8150,89425611,161262955
2025-09-26,1.7880,1.8510,1.7870,1.8030,84194600,153618240
2025-09-29,1.8040,1.8490,1.7860,1.8480,60622900,110178161
2025-09-30,1.8580,1.8880,1.8310,1.8500,55771796,103786494
2025-10-09,1.8550,1.9730,1.8550,1.8980,59764603,114155801
2025-10-10,1.8470,1.8860,1.8130,1.8290,45562200,83907203
2025-10-13,1.7060,1.8960,1.7060,1.8950,66419495,122786353
2025-10-14,1.9030,1.9120,1.7500,1.7750,82235200,149921817
2025-10-15,1.7550,1.7710,1.7210,1.7600,64922800,113234981
2025-10-16,1.7560,1.7790,1.7310,1.7400,34346698,60142280
2025-10-17,1.7330,1.7400,1.6650,1.6710,41724301,70468151
2025-10-20,1.6970,1.7130,1.6590,1.6720,34819300,58739237
2025-10-21,1.6810,1.7070,1.6670,1.6990,30652000,51899222
2025-10-22,1.6780,1.7110,1.6680,1.6890,26706500,45006142
2025-10-23,1.6720,1.6850,1.6520,1.6780,18815800,31343985
2025-10-24,1.7020,1.7590,1.6950,1.7590,41632400,72225747
2025-10-27,1.8440,1.8440,1.7790,1.8210,59601568,108063020
2025-10-28,1.7980,1.8440,1.7800,1.8170,33801303,61619303
2025-10-29,1.8100,1.8280,1.7860,1.8220,39326700,71144167
2025-10-30,1.8230,1.8400,1.7940,1.7960,35751800,64869603
2025-10-31,1.7900,1.7900,1.7160,1.7180,45400811,78908267
2025-11-03,1.6880,1.7100,1.6420,1.7000,34443000,57668755
2025-11-04,1.6910,1.7420,1.6870,1.7150,31156500,53593129
2025-11-05,1.6600,1.7150,1.6570,1.7000,23619903,39888292
2025-11-06,1.7070,1.7690,1.7070,1.7620,36693200,64021499
2025-11-07,1.7400,1.7830,1.7340,1.7640,22787303,40223548
2025-11-10,1.7640,1.8330,1.7640,1.7930,30907600,55759917
2025-11-11,1.7980,1.8290,1.7670,1.7680,23850000,42895257
2025-11-12,1.7480,1.7830,1.7160,1.7500,19913600,34833551
2025-11-13,1.7470,1.7780,1.7350,1.7570,15831100,27816189
2025-11-14,1.7320,1.7570,1.7060,1.7110,18643700,32126991
2025-11-17,1.7210,1.7540,1.6880,1.6940,18669500,32078201
2025-11-18,1.6840,1.7680,1.6800,1.7280,28566100,49581848
2025-11-19,1.7330,1.7510,1.7100,1.7200,18150801,31346153
2025-11-20,1.7400,1.7560,1.6750,1.6790,19074700,32349295
2025-11-21,1.6430,1.6620,1.6070,1.6100,19532200,31861836
2025-11-24,1.6130,1.6580,1.6070,1.6430,28185000,45862660
2025-11-25,1.6590,1.6700,1.6390,1.6440,15344100,25349554
2025-11-26,1.6400,1.6660,1.6240,1.6460,18015200,29660812
2025-11-27,1.6470,1.6840,1.6300,1.6340,14376500,23859095
2025-11-28,1.6350,1.6840,1.6230,1.6710,19002100,31622247
2025-12-01,1.6710,1.6970,1.6500,1.6950,13053100,21861477
2025-12-02,1.6950,1.7000,1.6670,1.6750,7468200,12558959
2025-12-03,1.6770,1.6960,1.6670,1.6740,8290600,13947160
2025-12-04,1.6650,1.7400,1.6550,1.7180,19468900,33110012
2025-12-05,1.7180,1.7260,1.6940,1.7210,13557600,23179934
2025-12-08,1.7220,1.7600,1.7070,1.7530,22635101,39215647
2025-12-09,1.7480,1.7610,1.7320,1.7430,16245600,28360246
2025-12-10,1.7350,1.7580,1.7100,1.7500,14995800,25978918
2025-12-11,1.7590,1.7750,1.7450,1.7470,16463801,28978536
2025-12-12,1.7450,1.8150,1.7220,1.8090,24837703,44182645
2025-12-15,1.7900,1.8260,1.7900,1.7940,17472300,31541408
2025-12-16,1.7820,1.7960,1.7490,1.7760,18365100,32573595
2025-12-17,1.7610,1.8030,1.7430,1.7980,20486200,36340882
2025-12-18,1.7900,1.8040,1.7700,1.7710,10394700,18561504
2025-12-19,1.7810,1.7890,1.7600,1.7640,14587700,25862122
2025-12-22,1.7580,1.8500,1.7580,1.8490,30771900,56229852
2025-12-23,1.8440,1.8900,1.8390,1.8760,34494903,64755046
2025-12-24,1.8760,1.8880,1.8600,1.8810,24623200,46141939
2025-12-25,1.8800,1.8980,1.8590,1.8860,20989500,39460795
2025-12-26,1.8890,1.8890,1.8510,1.8590,19300500,36021966
2025-12-29,1.8500,1.8650,1.8280,1.8370,16713401,30796320
2025-12-30,1.8310,1.8740,1.8290,1.8410,26487500,48893977
2025-12-31,1.8540,1.8750,1.8270,1.8370,16948700,31324278
2026-01-05,1.8650,1.9440,1.8480,1.9440,31541800,60372449
2026-01-06,1.9530,2.0600,1.9390,2.0200,35755804,71964578
2026-01-07,2.0580,2.1830,2.0580,2.1720,53021609,112839983
2026-01-08,2.1660,2.1950,2.1360,2.1470,45602101,98576409
2026-01-09,2.1040,2.1510,2.1030,2.1440,47997604,101990800
2026-01-12,2.1450,2.1980,2.1450,2.1670,33019913,71624489
2026-01-13,2.1580,2.1920,2.0890,2.1100,39471604,84214089
2026-01-14,2.1100,2.2000,2.1000,2.1510,42885900,92043875
2026-01-15,2.1290,2.2600,2.1110,2.2600,46853111,102377934
2026-01-16,2.3070,2.3510,2.2700,2.3390,59519600,138053510
2026-01-19,2.3480,2.3660,2.3000,2.3230,39061600,91061563
2026-01-20,2.3110,2.3390,2.2760,2.3100,28123700,64882578
2026-01-21,2.2820,2.3530,2.2820,2.3160,27151200,62823677
2026-01-22,2.3330,2.3490,2.2420,2.2600,39455600,89479048
2026-01-23,2.2500,2.3070,2.2260,2.3060,38575500,87027161
2026-01-26,2.2890,2.2900,2.2000,2.2220,43475100,97007947
2026-01-27,2.2150,2.2840,2.2000,2.2650,31131613,70181904
2026-01-28,2.2700,2.3060,2.2500,2.2940,36776100,83881726
2026-01-29,2.2790,2.2790,2.1910,2.1960,40770600,90748788
2026-01-30,2.1690,2.2150,2.1330,2.1890,33431500,73105942
2026-02-02,2.1510,2.1670,2.0780,2.0780,33723200,71535181
2026-02-03,2.1200,2.1500,2.1030,2.1460,31272200,66373331
2026-02-04,2.1270,2.1630,2.1150,2.1400,19462500,41644684
2026-02-05,2.1050,2.1600,2.0710,2.1440,21074400,44367861
2026-02-06,2.1060,2.1590,2.1060,2.1270,15360400,32830838
2026-02-09,2.1670,2.1910,2.1500,2.1740,17184400,37255196
2026-02-10,2.1750,2.1960,2.1570,2.1720,13584303,29507290
2026-02-11,2.1670,2.1750,2.1440,2.1510,9529500,20558747
2026-02-12,2.1820,2.1820,2.1390,2.1610,16509200,35637446
2026-02-13,2.1420,2.2160,2.1400,2.1880,22708900,49866651
2026-02-24,2.2110,2.2110,2.1370,2.1970,25766700,55996223
2026-02-25,2.1990,2.3150,2.1730,2.2940,38734100,87545084
2026-02-26,2.2920,2.3400,2.2440,2.3190,36200600,83074471
2026-02-27,2.2800,2.2840,2.2470,2.2700,27262900,61668834
2026-03-02,2.2110,2.2830,2.2100,2.2270,28473300,63956986
2026-03-03,2.2220,2.2580,2.1010,2.1090,33750000,73086404
2026-03-04,2.0540,2.1420,2.0540,2.0980,39159500,82314685
2026-03-05,2.1450,2.1830,2.1130,2.1350,25696500,55326223
2026-03-06,2.1120,2.1470,2.1050,2.1090,18061500,38294838
2026-03-09,2.0340,2.0590,1.9870,2.0510,34073200,68773405
2026-03-10,2.0920,2.1170,2.0670,2.1010,23423200,49099311
2026-03-11,2.1020,2.1110,2.0620,2.0770,18704700,38954799
2026-03-12,2.0780,2.0900,2.0220,2.0430,18726300,38420677
2026-03-13,2.0270,2.0630,2.0120,2.0230,15428300,31357812
2026-03-16,2.0120,2.0550,1.9720,2.0490,30025001,60131712
2026-03-17,2.0490,2.0570,1.9900,1.9900,17870800,36152736
2026-03-18,1.9950,2.0410,1.9950,2.0370,21227900,42867572
2026-03-19,1.9970,2.0180,1.9820,1.9960,22928300,45822146
2026-03-20,2.0150,2.0320,1.9770,1.9790,18937201,38012067
2026-03-23,1.9270,1.9620,1.8730,1.8990,27030000,51847720
2026-03-24,1.9220,1.9230,1.8710,1.9170,25903600,49247680
2026-03-25,1.9400,2.0030,1.9390,1.9780,26142700,51822556
2026-03-26,1.9670,1.9680,1.9280,1.9380,12801800,24925126
2026-03-27,1.8990,1.9950,1.8990,1.9770,18259700,35682572
2026-03-30,1.9380,2.0380,1.9380,2.0300,22103500,44079384
2026-03-31,2.0110,2.0200,1.9480,1.9520,25370700,50145669
2026-04-01,2.0000,2.0180,1.9770,1.9860,18558300,37010835
2026-04-02,1.9950,1.9950,1.8990,1.9160,25303600,48866345
2026-04-03,1.9190,1.9400,1.9090,1.9180,19732810,38004254
2026-04-07,1.9250,1.9470,1.9170,1.9250,15769000,30454172
2026-04-08,1.9930,2.0700,1.9720,2.0700,69279000,141335524
2026-04-09,2.0460,2.1180,2.0010,2.0870,36461300,76065299
2026-04-10,2.1110,2.1450,2.1090,2.1100,25037700,53282499
2026-04-13,2.0980,2.1150,2.0500,2.0870,17980538,37681424
2026-04-14,2.1080,2.1740,2.1080,2.1540,28917806,62016511
2026-04-15,2.1690,2.1790,2.1050,2.1170,28731800,61621150
2026-04-16,2.1170,2.1470,2.0990,2.1470,21036100,44752011
2026-04-17,2.1340,2.1610,2.1050,2.1440,21911300,46840994
2026-04-20,2.1300,2.1770,2.1060,2.1670,26912000,57889888
2026-04-21,2.1610,2.1620,2.1160,2.1370,19898800,42420444
2026-04-22,2.1350,2.2070,2.1330,2.2060,28465000,62125766
2026-04-23,2.2170,2.2200,2.1530,2.1780,38052600,83177421
2026-04-24,2.1710,2.2170,2.1680,2.1990,32546900,71388019
2026-04-27,2.2220,2.3650,2.2120,2.3420,53089509,122079785
2026-04-28,2.3040,2.3950,2.2850,2.3330,43658400,102152536
2026-04-29,2.3020,2.3300,2.2530,2.3300,31908700,73485708
2026-04-30,2.3330,2.4250,2.3060,2.4010,38478387,91173472
2026-05-06,2.4700,2.5660,2.4510,2.4510,49190400,122816454
2026-05-07,2.4650,2.5160,2.4320,2.5100,25617556,63497180
2026-05-08,2.4820,2.5110,2.4360,2.4600,30712800,75781582
2026-05-11,2.4990,2.6630,2.4970,2.6370,54098000,140338593
2026-05-12,2.6440,2.7090,2.5780,2.6880,51703293,136994841
2026-05-13,2.6230,2.8010,2.6180,2.7900,80282869,218768659
2026-05-14,2.7950,2.8110,2.7120,2.7280,41872410,116002011
2026-05-15,2.7280,2.9870,2.6520,2.8560,78418508,221393738
2026-05-18,2.8680,2.9660,2.8360,2.8810,62252170,180606353
2026-05-19,2.8220,3.0300,2.7970,3.0300,67119044,195112713
2026-05-20,3.0230,3.2130,3.0000,3.1990,75436604,235369985
2026-05-21,3.2640,3.3460,3.0180,3.0280,120414144,383432976
2026-05-22,3.0200,3.0790,2.9400,3.0600,117359400,351995428
2026-05-25,3.0200,3.2820,2.9400,3.2270,89429900,278242469
2026-05-26,3.1970,3.1970,3.0400,3.1310,82989433,258579391
2026-05-27,3.1330,3.1910,3.0060,3.0180,98302734,306146328
2026-05-28,2.9770,3.0730,2.9600,3.0560,61557300,186654052
2026-05-29,3.0780,3.0780,2.8420,2.8800,77290577,227116048
2026-06-01,2.8450,2.8840,2.7290,2.7330,67500774,189273466
2026-06-02,2.7350,2.8350,2.7070,2.7870,71241700,197211234
2026-06-03,2.7900,2.9450,2.7880,2.8630,55585543,159058226
2026-06-04,2.8000,2.9880,2.8000,2.9700,48568900,142801361
2026-06-05,2.9060,2.9820,2.8590,2.8770,48016401,139802564
2026-06-08,2.7180,2.8600,2.7180,2.7860,51482947,144719514
2026-06-09,2.8580,3.0160,2.8000,3.0140,52676400,154344795
2026-06-10,2.9670,3.1330,2.9670,3.0830,58452787,179574934
2026-06-11,3.0830,3.2470,3.0830,3.2470,65292000,208634354
2026-06-12,3.4170,3.4280,3.1430,3.1620,71459900,236038466
2026-06-15,3.1910,3.3100,3.0570,3.3100,57396100,185079818
2026-06-16,3.3100,3.3590,3.2730,3.3240,42514905,140824475
2026-06-17,3.2430,3.5740,3.2430,3.5730,47652591,162584277
2026-06-18,3.5750,3.6570,3.5400,3.6280,52601501,189178196
2026-06-22,3.6840,3.7800,3.6090,3.7520,65145805,241110968
2026-06-23,3.7280,3.8390,3.6330,3.7390,58761200,219212920
2026-06-24,3.6490,3.9800,3.6490,3.9560,63142600,241190906
2026-06-25,3.9990,4.1130,3.9510,4.0650,80121200,323759946
2026-06-26,4.0250,4.2660,4.0000,4.2000,79101600,329460697
2026-06-29,4.2550,4.6020,4.2040,4.5880,98637857,431826662
2026-06-30,4.5990,4.7300,4.4920,4.7100,97929000,451918794
2026-07-01,4.7070,5.0430,4.6610,4.7700,129882909,628498097
2026-07-02,4.5000,4.6190,4.2930,4.2930,118449499,526681029
2026-07-03,4.1430,4.3500,4.0460,4.1700,108573480,452798059
2026-07-06,4.2250,4.2490,3.9790,4.1320,76272911,314266809
2026-07-07,4.0500,4.2790,4.0210,4.2000,70182000,292446330
2026-07-08,4.2000,4.4110,4.0500,4.2990,90731126,382014777
2026-07-09,4.3620,4.7290,4.2990,4.7290,97398561,434454953
2026-07-10,4.7910,4.9030,4.4500,4.4570,120103000,566105318
2026-07-13,4.2650,4.4310,4.0740,4.1140,118784100,505036097
2026-07-14,4.0420,4.2090,3.8660,4.1300,121997480,497417633
2026-07-15,4.1750,4.1870,3.8150,3.8340,106532815,421272930
2026-07-16,3.6480,3.8330,3.5260,3.5480,109553600,401443818
2026-07-17,3.4890,3.5920,3.3140,3.3480,132388489,458923343
2026-07-20,1.1390,1.1570,1.0230,1.0520,309119589,337796105
2026-07-21,1.0670,1.1570,1.0050,1.1570,434855925,475346771
2026-07-22,1.2000,1.2550,1.1740,1.1900,410416351,497671405
2026-07-23,1.1960,1.2100,1.1270,1.1470,286922294,332816608
2026-07-24,1.1130,1.2110,1.1130,1.1830,353606744,414150068
2026-07-27,1.1780,1.2370,1.1400,1.2290,354328400,423179801
2026-07-28,1.1930,1.2390,1.1360,1.1520,330576600,393030805
2026-07-29,1.1340,1.1650,1.0550,1.1290,479722720,531027155
2026-07-30,1.0970,1.1220,1.0250,1.0410,331463258,355852899
2026-07-31,1.1450,1.1450,1.0670,1.0730,441249059,496981883
2026-08-03,1.0350,1.0600,0.9710,0.9730,366696500,365521924
2026-08-04,0.9730,1.0420,0.9670,1.0260,447862776,448336075
2026-08-05,1.0260,1.1290,1.0260,1.1250,532383304,583574503
2026-08-06,1.0890,1.1770,1.0870,1.1500,422629300,481687170
2026-08-07,1.1500,1.1900,1.1340,1.1800,450459400,528266479
2026-08-10,1.1820,1.2270,1.1770,1.2210,250685763,301398779
2026-08-11,1.1940,1.2220,1.1780,1.1850,201013475,240916578
2026-08-12,1.1910,1.2240,1.1910,1.2120,169332467,204885359
2026-08-13,1.2300,1.2470,1.1760,1.1810,225657442,273542502
2026-08-14,1.1920,1.2010,1.1640,1.1900,169107900,200238903
2026-08-17,1.1860,1.2510,1.1850,1.2510,215098800,263480993
2026-08-18,1.2500,1.2800,1.2360,1.2760,221405800,278909123
2026-08-19,1.2240,1.2510,1.1690,1.1800,304049119,367639967
2026-08-20,1.1950,1.2080,1.1590,1.1760,232641600,275386413
2026-08-21,1.1650,1.1920,1.1570,1.1690,183960139,215857094
2026-08-24,1.1690,1.1840,1.1300,1.1590,210944300,244519858
2026-08-25,1.1280,1.1480,1.0930,1.1310,207613939,233198645
2026-08-26,1.1240,1.1640,1.1170,1.1490,183906784,210145117
2026-08-27,1.1540,1.1930,1.1430,1.1910,166161000,194800989
2026-08-28,1.1850,1.1970,1.1560,1.1580,155258976,182537662
2026-08-31,1.1260,1.1620,1.1150,1.1620,139821991,158885972
2026-09-01,1.1670,1.1670,1.1180,1.1190,153390072,173175049
2026-09-02,1.0960,1.1160,1.0860,1.0990,126348800,138851208
2026-09-03,1.1140,1.1150,1.0760,1.0870,110487267,120694952
2026-09-04,1.0960,1.1060,1.0420,1.0530,150132010,161003079
2026-09-07,1.0650,1.1000,1.0630,1.0940,160207023,173339181
2026-09-08,1.0900,1.1020,1.0680,1.0740,128274060,138635604
2026-09-09,1.0800,1.0900,1.0630,1.0690,97663934,104943797
2026-09-10,1.0580,1.0810,1.0520,1.0670,88606700,94603434
2026-09-11,1.0510,1.0550,1.0140,1.0480,166896900,172968647
2026-09-14,1.0260,1.0510,1.0210,1.0390,87884641,91095921
2026-09-15,1.0280,1.0920,1.0280,1.0730,167830000,179056845
2026-09-16,1.0710,1.1400,1.0700,1.1310,178263600,197702542
2026-09-17,1.1230,1.1470,1.1140,1.1300,149174800,168919692
2026-09-18,1.1540,1.1820,1.1350,1.1680,170919518,197970826
2026-09-21,1.1770,1.1820,1.1530,1.1610,200415700,233135337
2026-09-22,1.1790,1.1840,1.1390,1.1470,206564318,240100623
