cell,family,regime,kind,sharpe_full,annual_return,max_drawdown,worst_year,is2_sharpe,is2_annual,x2_full_sharpe,n_trades,n_entries,turnover,win_rate,line,line_ok,ci_ok,pass_v2
tsmom_120@daily,tsmom_120,daily,candidate,0.6096,0.1602,-0.7939,-0.6329,0.4398,0.007,0.5401,16764,8854,221322192580.0,0.6588,1.1463,False,False,False
tsmom_120@r20,tsmom_120,r20,candidate,0.3292,-0.062,-0.9109,-0.5738,0.1759,-0.226,0.3169,2652,711,18133947650.0,0.626,1.1463,False,False,False
tsmom_60@daily,tsmom_60,daily,candidate,0.7158,0.2724,-0.7912,-0.5106,-0.1549,-0.4181,0.6292,17778,9281,502419868530.0,0.6974,1.1463,False,True,False
tsmom_60@r20,tsmom_60,r20,candidate,0.2486,-0.126,-0.9323,-0.6448,0.0097,-0.2538,0.1987,2328,695,14493690990.0,0.5885,1.1463,False,False,False
tsmom_252@daily,tsmom_252,daily,candidate,0.6512,0.2145,-0.844,-0.4042,1.1118,0.7891,0.5739,12080,6580,99425674460.0,0.6485,1.1463,False,False,False
tsmom_252@r20,tsmom_252,r20,candidate,0.0265,-0.2126,-0.9307,-0.7096,0.177,-0.1128,-0.1559,900,356,2309056510.0,0.5092,1.1463,False,False,False
donchian_55_20@daily,donchian_55_20,daily,candidate,0.5324,0.0864,-0.8967,-0.6629,0.1049,-0.2803,0.4586,14237,7343,141399988800.0,0.7003,1.1463,False,False,False
donchian_55_20@r20,donchian_55_20,r20,candidate,0.0214,-0.2319,-0.9566,-0.7454,-0.1631,-0.237,0.0049,1007,396,4355746230.0,0.5237,1.1463,False,False,False
dual_ma_10_60@daily,dual_ma_10_60,daily,candidate,0.5966,0.1136,-0.8968,-0.4863,0.7291,0.2631,0.5432,15081,7947,120510303690.0,0.6686,1.1463,False,False,False
dual_ma_10_60@r20,dual_ma_10_60,r20,candidate,0.3741,-0.034,-0.8092,-0.5878,0.0452,-0.2773,0.3518,2759,774,21574861280.0,0.5798,1.1463,False,False,False
triple_ma_5_20_60@daily,triple_ma_5_20_60,daily,candidate,0.6149,0.1988,-0.7199,-0.3781,1.0692,0.7066,0.5492,9168,4721,98889814210.0,0.6488,1.1463,False,False,False
triple_ma_5_20_60@r20,triple_ma_5_20_60,r20,candidate,0.04,-0.2059,-0.9369,-0.5987,-0.3127,-0.3037,0.0394,966,436,7987574440.0,0.4623,1.1463,False,False,False
breakout_20@daily,breakout_20,daily,candidate,0.0304,-0.0941,-0.8942,-0.5239,0.9592,0.413,-0.5939,5391,2732,69344358020.0,0.4483,1.1463,False,False,False
breakout_20@r20,breakout_20,r20,candidate,0.0501,-0.0788,-0.8917,-0.4573,0.8823,0.2877,0.0223,433,212,8575693430.0,0.448,1.1463,False,False,False
vol_target_tsmom_60@daily,vol_target_tsmom_60,daily,candidate,0.7408,0.3164,-0.6635,-0.4006,-0.1471,-0.255,0.6499,15997,8321,458813408530.0,0.7121,1.1463,False,True,False
vol_target_tsmom_60@r20,vol_target_tsmom_60,r20,candidate,0.3179,-0.0207,-0.8423,-0.4757,0.328,-0.0031,0.2872,1332,582,15212458700.0,0.516,1.1463,False,False,False
null_0,random,r20,null,-0.0556,-0.1902,-0.9034,-0.5279,-0.4137,-0.334,,1007,480,9979339170.0,0.4915,,,,
null_1,random,r20,null,0.4737,0.1058,-0.7385,-0.4329,0.3769,0.0184,,1154,554,44973173320.0,0.5,,,,
null_2,random,r20,null,-0.2247,-0.2133,-0.9481,-0.6666,0.1325,-0.0263,,872,421,6426065630.0,0.4545,,,,
null_3,random,r20,null,-0.3197,-0.3003,-0.9751,-0.7113,-0.3046,-0.361,,943,400,8442483190.0,0.4254,,,,
null_4,random,r20,null,0.1817,-0.0706,-0.8896,-0.5368,0.3091,0.0281,,1237,541,23293762520.0,0.4325,,,,
null_5,random,r20,null,0.2581,-0.0347,-0.9039,-0.682,-0.0497,-0.2225,,1257,569,41792753270.0,0.4346,,,,
null_6,random,r20,null,-0.6646,-0.3613,-0.9868,-0.6605,-1.828,-0.5568,,661,310,3674066190.0,0.4074,,,,
null_7,random,r20,null,-0.419,-0.2892,-0.9755,-0.6064,0.3382,0.0447,,663,302,5298862000.0,0.4626,,,,
null_8,random,r20,null,-0.0054,-0.181,-0.9455,-0.8084,-0.3103,-0.377,,1119,500,15399683570.0,0.4507,,,,
null_9,random,r20,null,-0.0418,-0.1803,-0.9683,-0.6393,-1.2843,-0.6256,,1056,498,27889638410.0,0.4462,,,,
null_10,random,r20,null,-0.0725,-0.1764,-0.9401,-0.6165,0.0258,-0.0989,,864,420,5484675510.0,0.4662,,,,
null_11,random,r20,null,0.4792,0.1093,-0.8523,-0.4188,0.8716,0.4227,,1164,549,50248105340.0,0.4943,,,,
null_12,random,r20,null,-0.0324,-0.1876,-0.959,-0.5864,0.7435,0.2971,,1032,458,12130835330.0,0.4233,,,,
null_13,random,r20,null,-0.2282,-0.238,-0.9613,-0.7283,-0.0314,-0.1497,,839,387,3756411470.0,0.4712,,,,
null_14,random,r20,null,0.0604,-0.1376,-0.9121,-0.6155,-0.3113,-0.3357,,1067,497,12948494730.0,0.5,,,,
null_15,random,r20,null,0.3496,0.0304,-0.8158,-0.5603,-0.2974,-0.3484,,1113,527,31996054190.0,0.4761,,,,
null_16,random,r20,null,-0.1407,-0.2058,-0.9023,-0.526,-0.3975,-0.2974,,1020,477,9049169040.0,0.4346,,,,
null_17,random,r20,null,-0.3209,-0.2894,-0.9684,-0.6433,-1.1766,-0.579,,935,414,5834554510.0,0.4415,,,,
null_18,random,r20,null,0.3962,0.0556,-0.7175,-0.4298,0.3853,0.0347,,1292,531,29049239130.0,0.4507,,,,
null_19,random,r20,null,0.2794,-0.041,-0.8496,-0.5425,0.9644,0.408,,1136,533,16810184070.0,0.4627,,,,
null_20,random,r20,null,0.0528,-0.1229,-0.9044,-0.6257,1.4136,0.685,,1064,468,7728551130.0,0.4513,,,,
null_21,random,r20,null,-0.6877,-0.332,-0.983,-0.7683,-0.4563,-0.0763,,552,245,4373008750.0,0.4332,,,,
null_22,random,r20,null,0.0669,-0.1229,-0.8943,-0.499,0.7713,0.3422,,1099,521,17168691230.0,0.4775,,,,
null_23,random,r20,null,-0.2011,-0.2629,-0.9707,-0.6588,-0.9348,-0.525,,1067,495,12392855870.0,0.4266,,,,
null_24,random,r20,null,-0.4225,-0.2844,-0.9717,-0.6224,0.3405,0.0577,,756,331,5278702600.0,0.3976,,,,
null_25,random,r20,null,-0.3346,-0.2757,-0.9695,-0.5431,0.1656,-0.0273,,757,344,4710789820.0,0.4213,,,,
null_26,random,r20,null,-0.2028,-0.2476,-0.9635,-0.5324,-0.2551,-0.2315,,1004,458,12241890080.0,0.4048,,,,
null_27,random,r20,null,0.0817,-0.1405,-0.9102,-0.4525,-0.2231,-0.2886,,1126,523,14878727350.0,0.4527,,,,
null_28,random,r20,null,0.1254,-0.1107,-0.9242,-0.7486,-0.6884,-0.4836,,1293,544,33828279140.0,0.4406,,,,
null_29,random,r20,null,-0.1693,-0.2413,-0.9765,-0.5791,-0.7536,-0.3605,,932,425,14603336380.0,0.4142,,,,
null_30,random,r20,null,0.3887,0.0449,-0.9052,-0.7247,0.1341,-0.1619,,1315,559,78811135280.0,0.4524,,,,
null_31,random,r20,null,0.1714,-0.0679,-0.8959,-0.5674,0.4896,0.1127,,1115,531,27554272760.0,0.4589,,,,
null_32,random,r20,null,-0.2091,-0.2266,-0.9728,-0.786,0.992,0.399,,763,352,7849004010.0,0.438,,,,
null_33,random,r20,null,-0.1699,-0.2245,-0.9579,-0.7598,0.5663,0.1702,,821,378,7994052480.0,0.4312,,,,
null_34,random,r20,null,0.1044,-0.1158,-0.8666,-0.723,0.458,0.0952,,1063,507,9351945870.0,0.464,,,,
null_35,random,r20,null,0.0948,-0.0991,-0.8894,-0.6145,1.2094,0.7212,,1075,500,8001132090.0,0.4713,,,,
null_36,random,r20,null,0.0888,-0.1365,-0.8532,-0.6759,-0.2058,-0.2639,,1192,546,20490149300.0,0.4474,,,,
null_37,random,r20,null,0.3652,0.0213,-0.8657,-0.5891,1.7269,1.361,,1121,540,17619385570.0,0.4974,,,,
null_38,random,r20,null,0.1585,-0.0724,-0.8703,-0.5527,0.8078,0.3495,,1146,517,9696334470.0,0.4849,,,,
null_39,random,r20,null,-0.0542,-0.169,-0.9575,-0.5653,1.169,0.6188,,901,399,7944141750.0,0.4442,,,,
null_40,random,r20,null,0.0021,-0.1847,-0.9577,-0.6608,0.2694,-0.0103,,1125,500,17351458790.0,0.4448,,,,
null_41,random,r20,null,0.0039,-0.1744,-0.9359,-0.7445,-0.106,-0.2786,,1103,504,12599885300.0,0.4457,,,,
null_42,random,r20,null,0.2854,-0.0178,-0.785,-0.481,-0.3863,-0.3891,,1295,574,40938929720.0,0.4508,,,,
null_43,random,r20,null,-0.4862,-0.3355,-0.9838,-0.5789,0.0245,-0.0084,,742,336,7839850350.0,0.4507,,,,
null_44,random,r20,null,-0.2353,-0.243,-0.9825,-0.7821,-0.5331,-0.2332,,1074,483,22612308860.0,0.467,,,,
null_45,random,r20,null,0.1619,-0.0725,-0.9208,-0.6421,1.1485,0.6173,,1159,509,14589636660.0,0.4662,,,,
null_46,random,r20,null,0.311,0.0044,-0.9296,-0.5793,0.9396,0.4374,,1218,536,39752714280.0,0.4648,,,,
null_47,random,r20,null,-0.2195,-0.2523,-0.9618,-0.6421,-0.1081,-0.133,,968,434,11198723660.0,0.4438,,,,
null_48,random,r20,null,0.5483,0.158,-0.8298,-0.7038,0.9552,0.4868,,1287,562,54533202730.0,0.4579,,,,
null_49,random,r20,null,-0.2704,-0.2897,-0.974,-0.7429,-0.9762,-0.561,,1050,480,14685528800.0,0.4491,,,,
passive_long_r20,passive_long,passive_long_r20,passive,0.9337,0.5396,-0.7184,-0.3887,1.4898,1.4715,,3067,880,84927741650.0,0.5674,,,,
passive_long_monthly,passive_long,passive_long_monthly,passive,0.8978,0.4903,-0.7546,-0.4263,1.4167,1.3297,,3062,859,60040332690.0,0.5556,,,,
