cell,leg,family,regime,kind,sharpe_full,annual_return,max_drawdown,worst_year,is2_sharpe,is2_annual,deep_sharpe,wide_sharpe,x2_full_sharpe,x3_full_sharpe,n_trades,n_entries,turnover,win_rate,margin_usage_max_ratio,line,line_ok,ci_ok,pass_v2
tsmom_20@daily,A,tsmom_20,daily,candidate,0.6423,0.2103,-0.8126,-0.5706,0.788,0.3558,0.722,0.6,0.525,0.4022,27018,13941,4580093691590.0,0.6804,0.999714,1.0565,False,True,False
tsmom_20@r20,A,tsmom_20,r20,candidate,0.3031,-0.058,-0.9394,-0.8196,0.3345,-0.0424,0.2997,0.301,0.265,0.226,2381,973,19117958570.0,0.478,0.999986,1.0565,False,False,False
tsmom_40@daily,A,tsmom_40,daily,candidate,0.4943,0.0733,-0.9624,-0.8038,0.6146,0.1648,0.6641,0.386,0.4098,0.3253,22356,11479,512975322530.0,0.6748,0.998679,1.0565,False,True,False
tsmom_40@r20,A,tsmom_40,r20,candidate,-0.169,-0.2505,-0.9965,-0.7604,-0.4813,-0.0618,0.0064,-0.4168,-0.185,-0.1913,535,290,2046722520.0,0.3837,0.99913,1.0565,False,False,False
donchian_20_10@daily,A,donchian_20_10,daily,candidate,0.5508,0.1278,-0.9266,-0.8469,0.722,0.277,0.8527,0.3601,0.4553,0.3634,23136,11769,1063454735180.0,0.6779,0.999902,1.0565,False,True,False
donchian_20_10@r20,A,donchian_20_10,r20,candidate,0.231,-0.1014,-0.9722,-0.7207,0.4887,0.1176,0.4336,0.0688,0.2152,0.1986,1924,823,18156103170.0,0.4323,0.999995,1.0565,False,False,False
donchian_120_50@daily,A,donchian_120_50,daily,candidate,0.7098,0.2857,-0.826,-0.4394,0.4591,0.0511,0.7614,0.6839,0.664,0.6183,22906,12054,3654448286930.0,0.7433,0.999966,1.0565,False,True,False
donchian_120_50@r20,A,donchian_120_50,r20,candidate,0.2644,-0.0752,-0.9549,-0.6102,-0.8033,-0.5862,0.381,0.1772,0.2465,0.2461,1973,668,17150558960.0,0.59,0.999994,1.0565,False,False,False
dual_ma_20_100@daily,A,dual_ma_20_100,daily,candidate,0.62,0.1989,-0.7626,-0.617,-0.1113,-0.3519,0.5328,0.6896,0.5858,0.5518,22778,11856,1852378478180.0,0.6333,0.999835,1.0565,False,True,False
dual_ma_20_100@r20,A,dual_ma_20_100,r20,candidate,-0.0387,-0.2022,-0.9949,-0.8645,-0.5826,-0.1492,0.031,-0.1146,-0.0424,-0.0505,691,336,4261408420.0,0.5014,0.999355,1.0565,False,False,False
dual_ma_50_200@daily,A,dual_ma_50_200,daily,candidate,0.5779,0.1718,-0.8661,-0.5819,0.4602,0.0391,0.5386,0.6178,0.553,0.5288,20250,10437,768812194000.0,0.6043,0.999644,1.0565,False,True,False
dual_ma_50_200@r20,A,dual_ma_50_200,r20,candidate,0.1047,-0.1319,-0.9665,-0.6567,-0.1296,-0.2758,0.1131,0.1073,0.0681,0.0696,1098,456,4708370950.0,0.5249,0.999921,1.0565,False,False,False
ma_slope_200@daily,A,ma_slope_200,daily,candidate,0.7462,0.3206,-0.8407,-0.4661,1.1907,0.8959,0.5965,0.8673,0.7219,0.6967,20216,10619,2714259228150.0,0.6234,0.99994,1.0565,False,True,False
ma_slope_200@r20,A,ma_slope_200,r20,candidate,0.3749,0.0266,-0.8653,-0.5638,0.934,0.5165,0.1853,0.5142,0.374,0.3452,1736,664,16553049270.0,0.569,0.999999,1.0565,False,False,False
channel_pos_55@daily,A,channel_pos_55,daily,candidate,0.4999,0.08,-0.9445,-0.8077,0.4105,-0.0412,0.4681,0.528,0.4598,0.4208,21053,10887,225886471930.0,0.6582,0.999957,1.0565,False,True,False
channel_pos_55@r20,A,channel_pos_55,r20,candidate,-0.0072,-0.2086,-0.995,-0.7976,-1.1221,-0.2467,0.0911,-0.1204,-0.0212,-0.0299,848,397,2867832850.0,0.439,0.999555,1.0565,False,False,False
legb_tsmom_60@cap50,B,legb_cap_family,cap50,candidate,0.3604,0.0432,-0.8139,-0.4566,-0.5584,-0.2787,0.3278,0.4102,0.2885,0.207,16397,8296,130884916340.0,0.685,0.499998,1.0565,False,False,False
legb_tsmom_60@cap30,B,legb_cap_family,cap30,candidate,0.229,0.0065,-0.7534,-0.3933,-0.6795,-0.1821,0.2266,0.2508,0.1693,0.1106,11366,5735,49492673100.0,0.643,0.3,1.0565,False,False,False
legb_tsmom_120@cap50,B,legb_cap_family,cap50,candidate,0.5664,0.175,-0.6278,-0.4969,-0.0167,-0.0871,0.7302,0.3649,0.5155,0.4658,23560,12180,1113009158940.0,0.69,0.5,1.0565,False,True,False
legb_tsmom_120@cap30,B,legb_cap_family,cap30,candidate,0.4882,0.1253,-0.6278,-0.3379,-0.1233,-0.0588,0.6444,0.2756,0.4437,0.3994,18692,9470,279080223190.0,0.693,0.3,1.0565,False,True,False
legb_vol_target_tsmom_60@cap50,B,legb_cap_family,cap50,candidate,0.3215,0.026,-0.8456,-0.5343,-0.6931,-0.2923,0.2738,0.3874,0.2512,0.1704,14104,7153,99942913020.0,0.6729,0.5,1.0565,False,False,False
legb_vol_target_tsmom_60@cap30,B,legb_cap_family,cap30,candidate,0.162,-0.0197,-0.7862,-0.4018,-0.82,-0.1994,0.1555,0.1857,0.1043,0.0523,9636,4837,33159328620.0,0.622,0.3,1.0565,False,False,False
legb_vol_target_tsmom_120@cap50,B,legb_cap_family,cap50,candidate,0.503,0.1346,-0.6278,-0.4815,0.0605,-0.0497,0.6358,0.3399,0.4565,0.4114,20657,10662,616008846810.0,0.6868,0.5,1.0565,False,True,False
legb_vol_target_tsmom_120@cap30,B,legb_cap_family,cap30,candidate,0.4321,0.0983,-0.6278,-0.3296,-0.1056,-0.0525,0.5606,0.2557,0.3947,0.3547,15933,8010,186706382820.0,0.6823,0.3,1.0565,False,False,False
basis_if_510300,C,basis_family,daily,candidate,0.1592,0.0093,-0.4688,-0.2704,0.3501,0.0378,0.0,0.2211,0.1505,0.1453,367,181,3243317820.0,0.5645,0.111097,1.0565,False,False,False
basis_ic_510500,C,basis_family,daily,candidate,0.1678,0.0106,-0.2638,-0.1111,0.4383,0.0593,0.0,0.233,0.1623,0.1547,392,197,2459147600.0,0.5077,0.110994,1.0565,False,False,False
null_0,,random,r20,null,-0.2163,-0.1826,-0.9918,-0.9241,0.778,0.1137,-0.3338,-0.0856,,,693,339,6439341800.0,0.4492,,,,,
null_1,,random,r20,null,0.0754,-0.1124,-0.9446,-0.7177,0.0425,-0.1055,0.0079,0.1369,,,1324,621,20000681360.0,0.478,,,,,
null_2,,random,r20,null,-0.2203,-0.2103,-0.9986,-0.7899,1.0275,0.1338,-0.1011,-0.4022,,,586,291,11135282240.0,0.4271,,,,,
null_3,,random,r20,null,-0.2721,-0.2228,-0.9962,-0.8352,0.4563,0.0469,-0.5425,0.2091,,,381,193,1295465040.0,0.4255,,,,,
null_4,,random,r20,null,0.1103,-0.0854,-0.9487,-0.5513,0.5517,0.1632,0.1551,0.0665,,,1325,618,13161354960.0,0.4752,,,,,
null_5,,random,r20,null,0.1629,-0.0741,-0.9118,-0.5533,0.034,-0.1501,-0.0097,0.3258,,,1312,632,13276698540.0,0.4676,,,,,
null_6,,random,r20,null,0.0722,-0.1101,-0.924,-0.7099,0.3312,0.0489,0.0471,0.096,,,1251,616,10246592000.0,0.463,,,,,
null_7,,random,r20,null,-0.0504,-0.1544,-0.9843,-0.7857,-0.5924,-0.1863,-0.0911,0.0061,,,882,435,4273539570.0,0.4877,,,,,
null_8,,random,r20,null,-0.113,-0.1718,-0.9886,-0.6723,0.2397,0.028,-0.2391,0.0357,,,768,388,4080770850.0,0.4526,,,,,
null_9,,random,r20,null,0.0212,-0.1343,-0.9545,-0.729,-1.4201,-0.5835,0.1204,-0.0705,,,1352,651,13446236540.0,0.4622,,,,,
null_10,,random,r20,null,0.0907,-0.1138,-0.9811,-0.6766,-0.2232,-0.1737,0.4513,-0.2559,,,1272,575,30664783410.0,0.4362,,,,,
null_11,,random,r20,null,-0.351,-0.2409,-0.9957,-0.6386,0.4059,0.0358,-0.358,-0.3757,,,465,231,1013481000.0,0.4701,,,,,
null_12,,random,r20,null,-0.0315,-0.1513,-0.9729,-0.6397,-0.566,-0.2457,0.0092,-0.0796,,,979,477,5740584990.0,0.4502,,,,,
null_13,,random,r20,null,-0.2812,-0.2282,-0.9934,-0.6799,-0.1837,-0.0284,-0.2897,-0.3211,,,539,270,1899415760.0,0.4312,,,,,
null_14,,random,r20,null,-0.322,-0.2379,-0.9932,-0.6958,0.2563,0.02,-0.294,-0.3873,,,576,280,2251999730.0,0.4291,,,,,
null_15,,random,r20,null,0.4954,0.1275,-0.8022,-0.5393,1.9914,1.76,0.025,0.9271,,,1485,695,55460454190.0,0.4873,,,,,
null_16,,random,r20,null,-0.0956,-0.1771,-0.9817,-0.5592,-0.8523,-0.2355,0.058,-0.2913,,,870,424,5160019420.0,0.4619,,,,,
null_17,,random,r20,null,-0.1429,-0.1676,-0.9889,-0.5884,-0.4305,-0.0729,-0.4798,0.2664,,,782,392,2436795400.0,0.4846,,,,,
null_18,,random,r20,null,0.1116,-0.1002,-0.9869,-0.7447,-0.8221,-0.5233,0.3876,-0.1248,,,1440,678,40279852260.0,0.4711,,,,,
null_19,,random,r20,null,0.2184,-0.0398,-0.9753,-0.7922,0.272,-0.0145,0.0143,0.41,,,1303,639,17912019610.0,0.4955,,,,,
null_20,,random,r20,null,-0.1632,-0.1881,-0.9946,-0.7265,-0.1739,-0.0331,-0.3742,0.1468,,,644,327,2195900830.0,0.4826,,,,,
null_21,,random,r20,null,0.1129,-0.09,-0.9449,-0.651,1.5975,0.6031,0.0267,0.1967,,,1290,615,14611515860.0,0.4681,,,,,
null_22,,random,r20,null,-0.1614,-0.1675,-0.9928,-0.6542,0.266,0.0268,-0.4334,0.2253,,,712,359,1617699260.0,0.4561,,,,,
null_23,,random,r20,null,-0.1294,-0.1702,-0.9778,-0.8137,0.7237,0.1192,-0.2377,-0.0001,,,869,426,5619944260.0,0.4695,,,,,
null_24,,random,r20,null,-0.1612,-0.1957,-0.9923,-0.5662,-0.2868,-0.062,-0.2096,-0.1095,,,792,389,4744916230.0,0.4591,,,,,
null_25,,random,r20,null,0.0181,-0.1314,-0.983,-0.7277,-0.7232,-0.3312,0.1664,-0.1188,,,1194,596,12836018660.0,0.4649,,,,,
null_26,,random,r20,null,-0.1489,-0.1815,-0.994,-0.7496,-1.4813,-0.4299,-0.1666,-0.1246,,,855,423,10021513880.0,0.4699,,,,,
null_27,,random,r20,null,-0.3679,-0.2516,-0.9968,-0.7952,-0.3209,-0.0332,-0.5492,-0.124,,,490,241,2749402950.0,0.4337,,,,,
null_28,,random,r20,null,-0.4754,-0.251,-0.997,-0.7757,0.3018,0.0158,-0.4218,-0.6342,,,428,210,1477843700.0,0.4495,,,,,
null_29,,random,r20,null,-0.0732,-0.1668,-0.9908,-0.7536,-0.1536,-0.0353,0.1031,-0.2725,,,959,477,14424476720.0,0.4419,,,,,
null_30,,random,r20,null,-0.0158,-0.1452,-0.9792,-0.7288,0.5054,0.1334,-0.1232,0.1094,,,907,452,5287013360.0,0.4615,,,,,
null_31,,random,r20,null,-0.039,-0.1505,-0.9949,-0.8012,-0.5986,-0.1849,0.1297,-0.224,,,893,440,11461022630.0,0.457,,,,,
null_32,,random,r20,null,0.1578,-0.0665,-0.9275,-0.6872,0.2196,0.0099,0.1782,0.1434,,,1398,659,34586997350.0,0.4736,,,,,
null_33,,random,r20,null,0.0902,-0.1004,-0.9516,-0.7385,0.5692,0.1744,0.0349,0.1519,,,1006,510,5044552250.0,0.4395,,,,,
null_34,,random,r20,null,0.0444,-0.1287,-0.9948,-0.7783,0.3169,0.045,-0.0347,0.1349,,,1050,507,13508072840.0,0.4622,,,,,
null_35,,random,r20,null,0.367,0.0425,-0.9154,-0.6183,-0.0449,-0.1571,0.2652,0.4568,,,1584,693,73955400830.0,0.44,,,,,
null_36,,random,r20,null,-0.3598,-0.2196,-0.9918,-0.8006,-0.8443,-0.1368,-0.2505,-0.5527,,,558,274,1794985750.0,0.4049,,,,,
null_37,,random,r20,null,0.5062,0.1335,-0.8626,-0.5932,1.7321,1.0729,0.5803,0.44,,,1548,707,125528251760.0,0.4614,,,,,
null_38,,random,r20,null,-0.075,-0.1582,-0.9813,-0.8915,0.9505,0.1632,0.1755,-0.3691,,,971,457,12423883970.0,0.463,,,,,
null_39,,random,r20,null,-0.1308,-0.1802,-0.9865,-0.8251,0.0292,-0.0079,0.1131,-0.4074,,,904,447,7185266170.0,0.4661,,,,,
null_40,,random,r20,null,-0.3852,-0.2408,-0.9948,-0.7811,0.3535,0.0238,-0.5592,-0.1427,,,408,204,1326873010.0,0.402,,,,,
null_41,,random,r20,null,-0.2753,-0.2088,-0.9931,-0.7128,-0.4646,-0.064,-0.4299,-0.0494,,,583,288,1268652120.0,0.4508,,,,,
null_42,,random,r20,null,-0.253,-0.2173,-0.9952,-0.8942,-0.7992,-0.1368,-0.4709,0.1456,,,530,264,2157476160.0,0.4436,,,,,
null_43,,random,r20,null,-0.1942,-0.188,-0.9903,-0.7466,-0.3817,-0.0626,-0.2232,-0.1673,,,619,308,3036957830.0,0.4534,,,,,
null_44,,random,r20,null,-0.0845,-0.1714,-0.9951,-0.9271,-0.8172,-0.282,-0.2348,0.1199,,,795,393,7753916730.0,0.4552,,,,,
null_45,,random,r20,null,0.0851,-0.1083,-0.9736,-0.8069,-1.3932,-0.6643,0.3137,-0.109,,,1376,663,57834914470.0,0.4348,,,,,
null_46,,random,r20,null,-0.1833,-0.1933,-0.9907,-0.7026,0.0665,-0.0015,-0.2408,-0.1208,,,736,363,4332276860.0,0.437,,,,,
null_47,,random,r20,null,0.32,0.003,-0.9559,-0.6247,0.7262,0.2838,0.2717,0.3558,,,1600,705,46488502710.0,0.4413,,,,,
null_48,,random,r20,null,-0.3131,-0.2213,-0.9986,-0.8862,0.5069,0.0495,-0.7086,0.6627,,,333,169,699009310.0,0.439,,,,,
null_49,,random,r20,null,0.3219,0.0189,-0.8493,-0.5742,0.7166,0.2764,-0.0161,0.6207,,,1431,685,40315981890.0,0.4504,,,,,
passive_long_r20,,passive_long,passive_long_r20,passive,0.6293,0.1978,-0.9899,-0.7275,1.2102,0.8968,0.1822,0.9987,,,3352,1005,77880191350.0,0.5812,,,,,
passive_long_monthly,,passive_long,passive_long_monthly,passive,0.6093,0.1778,-0.9891,-0.7283,1.3185,1.0939,0.1296,1.0029,,,2951,964,43595954130.0,0.5788,,,,,
