name,exit_regime,cost_face,status,n_trades,n_entries,annual_return,sharpe,max_drawdown,oos_sharpe,oos_annual_return,skill_line,g1_pass,d6_registered_ok,d6_same_batch,max_corr_vs_registered,note
grid_channel_harvest,default,x1,ok,691,641,-0.051,-0.4091,-0.4491,-0.1403,-0.0179,1.1068,False,True,unique,0.3301,
grid_channel_harvest,default,x2,ok,676,625,-0.0502,-0.1958,-0.5441,-0.8626,-0.092,1.1068,False,True,unique,0.3301,
grid_channel_harvest,ce,x1,ok,520,470,-0.0007,0.0683,-0.4166,-0.054,-0.0101,1.1068,False,True,unique,0.2419,
grid_channel_harvest,ce,x2,ok,472,429,-0.0856,-0.7303,-0.5203,-0.6633,-0.0724,1.1068,False,True,unique,0.2419,
rand_default_p0.02_s0,default,x1,ok,,,-0.0088,-0.0834,-0.1908,-0.0073,-0.0035,,,,,,p=0.02 seed=55500
rand_default_p0.02_s1,default,x1,ok,,,0.0042,0.0972,-0.2132,1.0827,0.0791,,,,,,p=0.02 seed=55501
rand_default_p0.02_s2,default,x1,ok,,,0.0378,0.4314,-0.2225,1.1029,0.0642,,,,,,p=0.02 seed=55502
rand_default_p0.02_s3,default,x1,ok,,,0.0102,0.1823,-0.1339,0.4401,0.0297,,,,,,p=0.02 seed=55503
rand_default_p0.02_s4,default,x1,ok,,,-0.0115,-0.0938,-0.3621,1.0831,0.0841,,,,,,p=0.02 seed=55504
rand_default_p0.02_s5,default,x1,ok,,,0.0031,0.0789,-0.2375,0.6715,0.0484,,,,,,p=0.02 seed=55505
rand_default_p0.02_s6,default,x1,ok,,,0.0051,0.1087,-0.1542,0.4417,0.0303,,,,,,p=0.02 seed=55506
rand_default_p0.02_s7,default,x1,ok,,,-0.0212,-0.2348,-0.2654,0.2283,0.0171,,,,,,p=0.02 seed=55507
rand_default_p0.02_s8,default,x1,ok,,,0.0088,0.1526,-0.2457,1.725,0.1305,,,,,,p=0.02 seed=55508
rand_default_p0.02_s9,default,x1,ok,,,0.0317,0.4418,-0.1768,1.5445,0.0924,,,,,,p=0.02 seed=55509
rand_default_p0.02_s10,default,x1,ok,,,-0.0242,-0.2559,-0.2997,0.4561,0.0364,,,,,,p=0.02 seed=55510
rand_default_p0.02_s11,default,x1,ok,,,-0.0383,-0.3726,-0.3644,0.3026,0.0267,,,,,,p=0.02 seed=55511
rand_default_p0.02_s12,default,x1,ok,,,0.0059,0.1154,-0.2652,0.8627,0.0649,,,,,,p=0.02 seed=55512
rand_default_p0.02_s13,default,x1,ok,,,-0.0099,-0.0562,-0.2994,0.5512,0.0454,,,,,,p=0.02 seed=55513
rand_default_p0.02_s14,default,x1,ok,,,-0.013,-0.1297,-0.2787,1.2378,0.0961,,,,,,p=0.02 seed=55514
rand_default_p0.02_s15,default,x1,ok,,,0.002,0.0636,-0.2325,0.9447,0.0759,,,,,,p=0.02 seed=55515
rand_default_p0.02_s16,default,x1,ok,,,-0.014,-0.1655,-0.1848,0.0941,0.0044,,,,,,p=0.02 seed=55516
rand_default_p0.02_s17,default,x1,ok,,,0.0263,0.3657,-0.205,1.2328,0.0832,,,,,,p=0.02 seed=55517
rand_default_p0.02_s18,default,x1,ok,,,-0.0116,-0.1166,-0.2735,0.5029,0.0368,,,,,,p=0.02 seed=55518
rand_default_p0.02_s19,default,x1,ok,,,-0.0249,-0.2571,-0.2727,0.1081,0.0058,,,,,,p=0.02 seed=55519
rand_default_p0.02_s20,default,x1,ok,,,-0.0117,-0.1224,-0.245,0.6548,0.054,,,,,,p=0.02 seed=55520
rand_default_p0.02_s21,default,x1,ok,,,0.0366,0.3912,-0.1873,0.721,0.0428,,,,,,p=0.02 seed=55521
rand_default_p0.02_s22,default,x1,ok,,,-0.0235,-0.2772,-0.2795,0.464,0.0367,,,,,,p=0.02 seed=55522
rand_default_p0.02_s23,default,x1,ok,,,-0.0055,-0.0399,-0.2268,0.0832,0.0034,,,,,,p=0.02 seed=55523
rand_default_p0.02_s24,default,x1,ok,,,-0.004,-0.0166,-0.2379,1.1323,0.0887,,,,,,p=0.02 seed=55524
rand_default_p0.05_s25,default,x1,ok,,,-0.035,-0.3092,-0.3742,0.6248,0.0596,,,,,,p=0.05 seed=55525
rand_default_p0.05_s26,default,x1,ok,,,-0.0038,-0.0118,-0.2345,0.7353,0.0571,,,,,,p=0.05 seed=55526
rand_default_p0.05_s27,default,x1,ok,,,0.0196,0.3071,-0.1825,0.915,0.0686,,,,,,p=0.05 seed=55527
rand_default_p0.05_s28,default,x1,ok,,,-0.0212,-0.2129,-0.292,0.067,0.0017,,,,,,p=0.05 seed=55528
rand_default_p0.05_s29,default,x1,ok,,,-0.029,-0.3051,-0.3152,0.2044,0.0152,,,,,,p=0.05 seed=55529
rand_default_p0.05_s30,default,x1,ok,,,-0.0169,-0.1359,-0.3947,1.6101,0.1558,,,,,,p=0.05 seed=55530
rand_default_p0.05_s31,default,x1,ok,,,0.0317,0.3752,-0.1274,1.1355,0.0789,,,,,,p=0.05 seed=55531
rand_default_p0.05_s32,default,x1,ok,,,-0.0075,-0.0535,-0.2237,0.5801,0.0463,,,,,,p=0.05 seed=55532
rand_default_p0.05_s33,default,x1,ok,,,-0.0213,-0.0999,-0.3455,0.1339,0.0086,,,,,,p=0.05 seed=55533
rand_default_p0.05_s34,default,x1,ok,,,0.0158,0.2347,-0.2273,0.2211,0.0139,,,,,,p=0.05 seed=55534
rand_default_p0.05_s35,default,x1,ok,,,-0.0214,-0.2323,-0.2107,-0.096,-0.0138,,,,,,p=0.05 seed=55535
rand_default_p0.05_s36,default,x1,ok,,,-0.0272,-0.2929,-0.3149,0.5603,0.0524,,,,,,p=0.05 seed=55536
rand_default_p0.05_s37,default,x1,ok,,,-0.0415,-0.3799,-0.3633,0.3722,0.0378,,,,,,p=0.05 seed=55537
rand_default_p0.05_s38,default,x1,ok,,,-0.0343,-0.3692,-0.2748,-0.1333,-0.0211,,,,,,p=0.05 seed=55538
rand_default_p0.05_s39,default,x1,ok,,,0.0278,0.3503,-0.2431,0.8703,0.0605,,,,,,p=0.05 seed=55539
rand_default_p0.05_s40,default,x1,ok,,,-0.0051,0.0258,-0.3636,0.957,0.0908,,,,,,p=0.05 seed=55540
rand_default_p0.05_s41,default,x1,ok,,,0.027,0.3216,-0.1218,0.8918,0.0564,,,,,,p=0.05 seed=55541
rand_default_p0.05_s42,default,x1,ok,,,-0.0094,-0.0754,-0.253,0.5185,0.0412,,,,,,p=0.05 seed=55542
rand_default_p0.05_s43,default,x1,ok,,,-0.0095,-0.0849,-0.2577,0.4904,0.0353,,,,,,p=0.05 seed=55543
rand_default_p0.05_s44,default,x1,ok,,,-0.014,-0.1374,-0.2781,0.5317,0.0415,,,,,,p=0.05 seed=55544
rand_default_p0.05_s45,default,x1,ok,,,-0.0078,-0.0625,-0.2573,1.0881,0.0935,,,,,,p=0.05 seed=55545
rand_default_p0.05_s46,default,x1,ok,,,-0.0085,-0.0544,-0.3367,1.2395,0.1012,,,,,,p=0.05 seed=55546
rand_default_p0.05_s47,default,x1,ok,,,-0.005,0.0146,-0.287,0.0393,-0.0003,,,,,,p=0.05 seed=55547
rand_default_p0.05_s48,default,x1,ok,,,0.005,0.1051,-0.2215,0.9957,0.0747,,,,,,p=0.05 seed=55548
rand_default_p0.05_s49,default,x1,ok,,,-0.0053,-0.0424,-0.1767,0.1307,0.0072,,,,,,p=0.05 seed=55549
rand_ce_p0.02_s0,ce,x1,ok,,,0.0187,0.2973,-0.1635,0.8099,0.061,,,,,,p=0.02 seed=55550
rand_ce_p0.02_s1,ce,x1,ok,,,0.0257,0.4152,-0.1426,0.4979,0.0301,,,,,,p=0.02 seed=55551
rand_ce_p0.02_s2,ce,x1,ok,,,-0.0198,-0.1981,-0.2853,0.2435,0.0175,,,,,,p=0.02 seed=55552
rand_ce_p0.02_s3,ce,x1,ok,,,0.0018,0.0599,-0.2146,1.2976,0.0891,,,,,,p=0.02 seed=55553
rand_ce_p0.02_s4,ce,x1,ok,,,0.0081,0.1309,-0.2928,0.759,0.0529,,,,,,p=0.02 seed=55554
rand_ce_p0.02_s5,ce,x1,ok,,,0.0028,0.0753,-0.1817,0.676,0.0497,,,,,,p=0.02 seed=55555
rand_ce_p0.02_s6,ce,x1,ok,,,0.0131,0.1769,-0.2128,-0.1712,-0.0127,,,,,,p=0.02 seed=55556
rand_ce_p0.02_s7,ce,x1,ok,,,0.0305,0.2972,-0.2782,0.3471,0.0188,,,,,,p=0.02 seed=55557
rand_ce_p0.02_s8,ce,x1,ok,,,-0.0153,-0.1757,-0.2459,0.4,0.0289,,,,,,p=0.02 seed=55558
rand_ce_p0.02_s9,ce,x1,ok,,,0.028,0.3308,-0.1669,0.35,0.0209,,,,,,p=0.02 seed=55559
rand_ce_p0.02_s10,ce,x1,ok,,,-0.0064,-0.0408,-0.2719,1.0823,0.0995,,,,,,p=0.02 seed=55560
rand_ce_p0.02_s11,ce,x1,ok,,,-0.0413,-0.3861,-0.3665,0.3163,0.0286,,,,,,p=0.02 seed=55561
rand_ce_p0.02_s12,ce,x1,ok,,,0.0019,0.0622,-0.2152,0.3815,0.0274,,,,,,p=0.02 seed=55562
rand_ce_p0.02_s13,ce,x1,ok,,,-0.0298,-0.3332,-0.2837,0.1508,0.0093,,,,,,p=0.02 seed=55563
rand_ce_p0.02_s14,ce,x1,ok,,,0.0126,0.2266,-0.1915,1.0211,0.0708,,,,,,p=0.02 seed=55564
rand_ce_p0.02_s15,ce,x1,ok,,,0.0192,0.3048,-0.1806,1.1594,0.0797,,,,,,p=0.02 seed=55565
rand_ce_p0.02_s16,ce,x1,ok,,,-0.0139,-0.1226,-0.3082,0.0285,-0.002,,,,,,p=0.02 seed=55566
rand_ce_p0.02_s17,ce,x1,ok,,,0.0084,0.1348,-0.2872,0.8331,0.0604,,,,,,p=0.02 seed=55567
rand_ce_p0.02_s18,ce,x1,ok,,,0.0029,0.0767,-0.1869,0.5326,0.04,,,,,,p=0.02 seed=55568
rand_ce_p0.02_s19,ce,x1,ok,,,-0.0319,-0.3622,-0.2321,-0.2083,-0.0259,,,,,,p=0.02 seed=55569
rand_ce_p0.02_s20,ce,x1,ok,,,0.0137,0.1909,-0.2256,0.5455,0.0412,,,,,,p=0.02 seed=55570
rand_ce_p0.02_s21,ce,x1,ok,,,0.0068,0.1349,-0.149,0.7266,0.0556,,,,,,p=0.02 seed=55571
rand_ce_p0.02_s22,ce,x1,ok,,,0.0129,0.2096,-0.1889,0.971,0.0801,,,,,,p=0.02 seed=55572
rand_ce_p0.02_s23,ce,x1,ok,,,0.0127,0.1939,-0.2358,0.3551,0.0227,,,,,,p=0.02 seed=55573
rand_ce_p0.02_s24,ce,x1,ok,,,-0.0021,0.0064,-0.1917,0.7333,0.0585,,,,,,p=0.02 seed=55574
rand_ce_p0.05_s25,ce,x1,ok,,,0.0155,0.2688,-0.1353,0.5442,0.0361,,,,,,p=0.05 seed=55575
rand_ce_p0.05_s26,ce,x1,ok,,,-0.0105,-0.0913,-0.2345,0.2979,0.0229,,,,,,p=0.05 seed=55576
rand_ce_p0.05_s27,ce,x1,ok,,,-0.0058,-0.0458,-0.2035,0.6083,0.0454,,,,,,p=0.05 seed=55577
rand_ce_p0.05_s28,ce,x1,ok,,,-0.0055,-0.0339,-0.2114,0.7292,0.0556,,,,,,p=0.05 seed=55578
rand_ce_p0.05_s29,ce,x1,ok,,,-0.0264,-0.2674,-0.351,0.7064,0.0721,,,,,,p=0.05 seed=55579
rand_ce_p0.05_s30,ce,x1,ok,,,0.0109,0.1949,-0.1572,-0.0297,-0.0051,,,,,,p=0.05 seed=55580
rand_ce_p0.05_s31,ce,x1,ok,,,-0.0073,-0.0709,-0.2068,0.2958,0.0193,,,,,,p=0.05 seed=55581
rand_ce_p0.05_s32,ce,x1,ok,,,-0.0445,-0.5162,-0.3574,-0.0884,-0.0148,,,,,,p=0.05 seed=55582
rand_ce_p0.05_s33,ce,x1,ok,,,-0.0096,-0.0824,-0.2124,0.5031,0.0412,,,,,,p=0.05 seed=55583
rand_ce_p0.05_s34,ce,x1,ok,,,-0.0057,-0.0288,-0.2482,0.514,0.0418,,,,,,p=0.05 seed=55584
rand_ce_p0.05_s35,ce,x1,ok,,,0.0223,0.3025,-0.1799,0.9169,0.0551,,,,,,p=0.05 seed=55585
rand_ce_p0.05_s36,ce,x1,ok,,,-0.0253,-0.2481,-0.3171,0.5438,0.0492,,,,,,p=0.05 seed=55586
rand_ce_p0.05_s37,ce,x1,ok,,,0.0011,0.0686,-0.3382,0.4831,0.0387,,,,,,p=0.05 seed=55587
rand_ce_p0.05_s38,ce,x1,ok,,,-0.0045,-0.0228,-0.2226,0.4975,0.0429,,,,,,p=0.05 seed=55588
rand_ce_p0.05_s39,ce,x1,ok,,,0.0071,0.1342,-0.1291,0.7505,0.0608,,,,,,p=0.05 seed=55589
rand_ce_p0.05_s40,ce,x1,ok,,,-0.0091,-0.074,-0.2561,0.8334,0.0704,,,,,,p=0.05 seed=55590
rand_ce_p0.05_s41,ce,x1,ok,,,0.006,0.1227,-0.1896,0.3023,0.0204,,,,,,p=0.05 seed=55591
rand_ce_p0.05_s42,ce,x1,ok,,,-0.0027,-0.0028,-0.2128,0.4914,0.0362,,,,,,p=0.05 seed=55592
rand_ce_p0.05_s43,ce,x1,ok,,,-0.0065,-0.0563,-0.2809,0.83,0.0636,,,,,,p=0.05 seed=55593
rand_ce_p0.05_s44,ce,x1,ok,,,-0.0029,-0.0027,-0.2025,0.5094,0.0373,,,,,,p=0.05 seed=55594
rand_ce_p0.05_s45,ce,x1,ok,,,-0.0057,-0.0361,-0.231,0.4445,0.0339,,,,,,p=0.05 seed=55595
rand_ce_p0.05_s46,ce,x1,ok,,,-0.0007,0.0256,-0.2576,0.4521,0.0312,,,,,,p=0.05 seed=55596
rand_ce_p0.05_s47,ce,x1,ok,,,0.0308,0.3904,-0.1113,0.5847,0.0356,,,,,,p=0.05 seed=55597
rand_ce_p0.05_s48,ce,x1,ok,,,-0.0192,-0.2187,-0.2671,0.5617,0.0444,,,,,,p=0.05 seed=55598
rand_ce_p0.05_s49,ce,x1,ok,,,0.0188,0.2466,-0.1923,0.6196,0.0443,,,,,,p=0.05 seed=55599
ew48_buyhold,none,formula,ok,0,0,0.0348,0.2825,-0.3843,0.6417,0.1062,,,,,,"J8 formula, consistency info"
ew48_monthly_rebal,none,formula,ok,0,0,0.0487,0.3606,-0.3652,0.7296,0.1162,,,,,,"J8 formula, consistency info"
