cell,kind,sharpe_full,annual_return,max_drawdown,worst_year,is2_sharpe,is2_annual,x2_full_sharpe,x3_full_sharpe,jul2026_x2_month_ret,n_trades,n_entries,turnover,win_rate,skill_line,line_ok,ci_ok,entries_ok,pass_v2,d6_max_abs_corr,d6_reject,survival_ok,g2_eligible
carry_pair_always_on,candidate,-0.136,-0.0239,-0.2054,-0.0454,-0.1147,-0.0235,-0.3663,-0.1378,-0.0148,244,122,322777760.0,0.5246,2.278,False,False,True,False,0.0889,False,True,False
spread_reversion_ma60,candidate,0.5676,0.0359,-0.1292,0.0,1.3979,0.0848,0.5634,0.5185,0.0047,58,30,326234000.0,0.5357,2.278,False,False,True,False,0.1003,False,True,False
null_0,null,-0.1463,-0.02,-0.1375,-0.0558,0.1732,0.0132,,,,101,51,1089521240.0,0.5,,,,,,,,,
null_1,null,0.5916,0.0555,-0.1055,-0.0209,0.4568,0.0487,,,,101,52,1456552160.0,0.5306,,,,,,,,,
null_2,null,-0.9979,-0.1122,-0.4356,-0.2056,-1.7236,-0.1911,,,,93,49,962943240.0,0.4545,,,,,,,,,
null_3,null,-0.3724,-0.0418,-0.2533,-0.1422,-0.4412,-0.0454,,,,96,46,1130247160.0,0.52,,,,,,,,,
null_4,null,0.101,0.0051,-0.1134,-0.0589,0.7988,0.0843,,,,95,46,1030876320.0,0.4898,,,,,,,,,
null_5,null,0.1117,0.0063,-0.2175,-0.0963,-0.7119,-0.0846,,,,102,51,1225030000.0,0.4902,,,,,,,,,
null_6,null,-0.3228,-0.0409,-0.2641,-0.1357,-0.3377,-0.0408,,,,102,50,1184336800.0,0.4615,,,,,,,,,
null_7,null,0.6972,0.0607,-0.1317,-0.0411,1.3696,0.1148,,,,86,45,1120736400.0,0.5122,,,,,,,,,
null_8,null,0.4496,0.0427,-0.1174,-0.0586,0.6697,0.076,,,,113,61,1393165000.0,0.4615,,,,,,,,,
null_9,null,-0.3051,-0.0369,-0.2142,-0.0582,-0.3316,-0.037,,,,104,54,1121380320.0,0.52,,,,,,,,,
null_10,null,-0.5711,-0.0571,-0.2693,-0.1386,-0.1465,-0.0164,,,,94,48,1031503560.0,0.5,,,,,,,,,
null_11,null,-0.1455,-0.0199,-0.2925,-0.1448,-0.6678,-0.0762,,,,92,50,1113848360.0,0.4762,,,,,,,,,
null_12,null,0.4545,0.0429,-0.1173,-0.0431,0.8926,0.0904,,,,119,63,1609005400.0,0.5,,,,,,,,,
null_13,null,0.8903,0.0885,-0.0828,-0.0402,0.6098,0.0625,,,,108,57,1500919960.0,0.5098,,,,,,,,,
null_14,null,0.3115,0.0251,-0.1497,-0.0441,-0.3456,-0.0434,,,,94,51,1223259080.0,0.5349,,,,,,,,,
null_15,null,0.44,0.0437,-0.1672,-0.0107,0.4724,0.0463,,,,106,53,1430903400.0,0.5472,,,,,,,,,
null_16,null,-0.0688,-0.0106,-0.2168,-0.144,-0.4208,-0.0489,,,,93,47,1217610880.0,0.5,,,,,,,,,
null_17,null,-0.6077,-0.0658,-0.2605,-0.0846,-0.4554,-0.0595,,,,103,51,1035713280.0,0.5192,,,,,,,,,
null_18,null,0.4854,0.0421,-0.0723,-0.0203,0.2486,0.0207,,,,90,47,1105595520.0,0.4651,,,,,,,,,
null_19,null,-0.1465,-0.0193,-0.1712,-0.0769,-0.0266,-0.0108,,,,100,52,1125540760.0,0.5,,,,,,,,,
null_20,null,-0.3363,-0.0408,-0.2118,-0.1223,-0.0419,-0.01,,,,98,48,1028344760.0,0.44,,,,,,,,,
null_21,null,-0.4825,-0.0518,-0.2775,-0.1566,-0.247,-0.029,,,,89,42,930091280.0,0.4894,,,,,,,,,
null_22,null,-0.3379,-0.0434,-0.2868,-0.1434,0.4979,0.0525,,,,106,50,1043080520.0,0.5179,,,,,,,,,
null_23,null,-0.5293,-0.0575,-0.2941,-0.1353,-0.7767,-0.0879,,,,82,44,919197760.0,0.4737,,,,,,,,,
null_24,null,0.7964,0.0814,-0.0867,-0.0467,0.3821,0.0371,,,,116,62,1831558120.0,0.537,,,,,,,,,
null_25,null,0.6884,0.0598,-0.1234,-0.0717,0.3787,0.0283,,,,103,54,1472722560.0,0.4898,,,,,,,,,
null_26,null,0.3901,0.0359,-0.1339,-0.0485,0.0283,-0.0032,,,,108,56,1512563520.0,0.5,,,,,,,,,
null_27,null,-0.2902,-0.0343,-0.2053,-0.1285,-0.4125,-0.0472,,,,91,48,1023426600.0,0.4651,,,,,,,,,
null_28,null,0.5251,0.0552,-0.1548,-0.0578,0.8741,0.1026,,,,129,63,1587648840.0,0.5152,,,,,,,,,
null_29,null,0.1165,0.0067,-0.2015,-0.0723,-0.0152,-0.0082,,,,116,57,1476357080.0,0.4915,,,,,,,,,
null_30,null,-0.0991,-0.0146,-0.2232,-0.0938,0.9721,0.105,,,,93,49,1036428040.0,0.5455,,,,,,,,,
null_31,null,-0.0577,-0.0098,-0.2043,-0.1091,-0.3364,-0.0428,,,,92,49,1015145800.0,0.4884,,,,,,,,,
null_32,null,0.1904,0.0141,-0.106,-0.0444,0.1566,0.0112,,,,95,49,1127895280.0,0.5,,,,,,,,,
null_33,null,0.1928,0.0146,-0.1788,-0.0803,-0.5974,-0.0735,,,,102,48,1320403800.0,0.4815,,,,,,,,,
null_34,null,0.8468,0.083,-0.096,-0.0266,1.5478,0.167,,,,114,58,1621257440.0,0.4821,,,,,,,,,
null_35,null,-0.0038,-0.005,-0.2263,-0.071,0.3454,0.0287,,,,104,53,1169296240.0,0.5098,,,,,,,,,
null_36,null,-0.1048,-0.0142,-0.2154,-0.1111,-1.0883,-0.1054,,,,116,59,1481410920.0,0.5263,,,,,,,,,
null_37,null,-0.065,-0.0111,-0.1621,-0.0396,-0.0575,-0.0093,,,,85,45,955848720.0,0.525,,,,,,,,,
null_38,null,-0.5751,-0.065,-0.3063,-0.1112,-1.0051,-0.1208,,,,108,53,1235812040.0,0.4909,,,,,,,,,
null_39,null,0.1274,0.0077,-0.1959,-0.0697,-0.6356,-0.0593,,,,105,53,1380595320.0,0.5,,,,,,,,,
null_40,null,0.2173,0.0156,-0.113,-0.0709,0.6352,0.0602,,,,106,54,1347398960.0,0.5192,,,,,,,,,
null_41,null,-0.5429,-0.0616,-0.2571,-0.1088,-1.063,-0.1023,,,,95,46,1074007920.0,0.5102,,,,,,,,,
null_42,null,0.1094,0.006,-0.1524,-0.0979,0.5681,0.0535,,,,110,57,1300742080.0,0.5094,,,,,,,,,
null_43,null,0.1629,0.0115,-0.2147,-0.0444,0.1284,0.0082,,,,112,57,1355628280.0,0.5091,,,,,,,,,
null_44,null,0.072,0.0022,-0.1558,-0.055,-0.1368,-0.0192,,,,92,47,1020983880.0,0.5111,,,,,,,,,
null_45,null,-0.6473,-0.0665,-0.3052,-0.1952,-0.7398,-0.0689,,,,94,48,1014855240.0,0.4565,,,,,,,,,
null_46,null,0.6887,0.0736,-0.1448,0.0091,0.9885,0.1169,,,,122,61,1603593480.0,0.4918,,,,,,,,,
null_47,null,-0.8174,-0.0742,-0.3004,-0.1491,-1.0117,-0.0785,,,,92,47,989668400.0,0.5111,,,,,,,,,
null_48,null,-0.0968,-0.0132,-0.2376,-0.0849,0.2857,0.0228,,,,105,54,1267561280.0,0.5294,,,,,,,,,
null_49,null,1.0194,0.0947,-0.0834,0.0034,0.7412,0.0702,,,,107,53,1615647840.0,0.5185,,,,,,,,,
