name,family,exit_regime,status,n_trades,oos_trades,annual_return,sharpe,max_drawdown,win_rate,oos_sharpe,oos_annual_return,oos_max_drawdown,i_bar,vi_bar,g1_pass,sleeve_tag,x2_full_sharpe,x2_oos_sharpe,max_corr,note
low_vol_60_k1,low_vol,default,ok,141,38,-0.0039,-1.908,-0.0258,0.4752,-3.2889,-0.0061,-0.0104,0.8411,1.0898,False,False,-3.9,-5.1496,0.1513,"{""COMPOSITE-CE-01"": 0.0253, ""COMPOSITE-CE-02"": -0.0037, ""VOLATILITY-CE-01"": 0.1513}"
low_vol_60_k1,low_vol,ce,ok,71,20,-0.0011,-0.5617,-0.0083,0.5493,-1.9473,-0.0035,-0.0061,1.285,1.0898,False,False,-1.7966,-3.1328,0.1749,"{""COMPOSITE-CE-01"": 0.0555, ""COMPOSITE-CE-02"": 0.0075, ""VOLATILITY-CE-01"": 0.1749}"
low_vol_60_k2,low_vol,default,ok,275,76,-0.0066,-1.5327,-0.0456,0.4764,-3.0902,-0.013,-0.0221,0.8411,1.0898,False,False,-3.6838,-5.1198,0.1662,"{""COMPOSITE-CE-01"": 0.0076, ""COMPOSITE-CE-02"": -0.0177, ""VOLATILITY-CE-01"": 0.1662}"
low_vol_60_k2,low_vol,ce,ok,139,39,-0.0007,-0.1695,-0.0132,0.518,-1.7532,-0.0071,-0.0124,1.285,1.0898,False,False,-1.4039,-2.9145,0.2011,"{""COMPOSITE-CE-01"": 0.0328, ""COMPOSITE-CE-02"": -0.0083, ""VOLATILITY-CE-01"": 0.2011}"
low_vol_120_k1,low_vol,default,ok,131,37,-0.003,-1.6341,-0.0203,0.4885,-3.2411,-0.0059,-0.01,0.8411,1.0898,False,False,-3.6386,-5.1143,0.151,"{""COMPOSITE-CE-01"": 0.0266, ""COMPOSITE-CE-02"": -0.0044, ""VOLATILITY-CE-01"": 0.151}"
low_vol_120_k1,low_vol,ce,ok,65,19,-0.0003,-0.1887,-0.0059,0.5692,-1.8792,-0.0034,-0.0059,1.285,1.0898,False,False,-1.4328,-2.9764,0.2052,"{""COMPOSITE-CE-01"": 0.0652, ""COMPOSITE-CE-02"": 0.011, ""VOLATILITY-CE-01"": 0.2052}"
low_vol_120_k2,low_vol,default,ok,263,76,-0.0056,-1.3915,-0.0363,0.4905,-3.0902,-0.0129,-0.022,0.8411,1.0898,False,False,-3.5401,-5.1198,0.1691,"{""COMPOSITE-CE-01"": 0.01, ""COMPOSITE-CE-02"": -0.0177, ""VOLATILITY-CE-01"": 0.1691}"
low_vol_120_k2,low_vol,ce,ok,132,39,0.0002,0.0415,-0.0123,0.5455,-1.7532,-0.0071,-0.0123,1.285,1.0898,False,False,-1.2295,-2.9145,0.2081,"{""COMPOSITE-CE-01"": 0.0343, ""COMPOSITE-CE-02"": -0.0099, ""VOLATILITY-CE-01"": 0.2081}"
composite_t1_r40,composite,default,ok,29,19,-0.0091,-0.8602,-0.0651,0.4138,-2.2384,-0.0382,-0.0651,0.8411,1.0898,False,False,-0.8958,-1.7591,0.1116,"{""COMPOSITE-CE-01"": -0.0013, ""COMPOSITE-CE-02"": -0.0023, ""VOLATILITY-CE-01"": 0.1116}"
composite_t1_r40,composite,ce,ok,28,23,-0.0065,-0.5113,-0.0669,0.4286,-1.7958,-0.039,-0.0669,1.285,1.0898,False,False,-0.7328,-2.0801,0.0984,"{""COMPOSITE-CE-01"": -0.0486, ""COMPOSITE-CE-02"": -0.0333, ""VOLATILITY-CE-01"": 0.0984}"
composite_t1_r20,composite,default,ok,30,19,-0.0094,-0.8356,-0.0722,0.3667,-2.4762,-0.0421,-0.0714,0.8411,1.0898,False,False,-0.7911,-1.8079,0.0979,"{""COMPOSITE-CE-01"": -0.0273, ""COMPOSITE-CE-02"": -0.0139, ""VOLATILITY-CE-01"": 0.0979}"
composite_t1_r20,composite,ce,ok,23,17,-0.0077,-0.7034,-0.0628,0.3043,-2.2753,-0.0375,-0.0624,1.285,1.0898,False,False,-0.7691,-2.107,0.1099,"{""COMPOSITE-CE-01"": -0.0235, ""COMPOSITE-CE-02"": -0.0103, ""VOLATILITY-CE-01"": 0.1099}"
composite_t2_r40,composite,default,ok,99,77,-0.005,-0.3384,-0.0837,0.4747,-2.3073,-0.0479,-0.0837,0.8411,1.0898,False,False,-1.1176,-4.0021,0.1379,"{""COMPOSITE-CE-01"": 0.0172, ""COMPOSITE-CE-02"": 0.0001, ""VOLATILITY-CE-01"": 0.1379}"
composite_t2_r40,composite,ce,ok,51,41,0.0042,0.2948,-0.0516,0.4118,-1.2621,-0.0259,-0.0516,1.285,1.0898,False,False,-0.3605,-2.3914,0.1541,"{""COMPOSITE-CE-01"": 0.039, ""COMPOSITE-CE-02"": 0.0061, ""VOLATILITY-CE-01"": 0.1541}"
composite_t2_r20,composite,default,ok,103,82,-0.0078,-0.4928,-0.0962,0.3981,-1.5641,-0.0414,-0.0962,0.8411,1.0898,False,False,-1.205,-2.7033,0.1532,"{""COMPOSITE-CE-01"": 0.0525, ""COMPOSITE-CE-02"": 0.0079, ""VOLATILITY-CE-01"": 0.1532}"
composite_t2_r20,composite,ce,ok,55,44,0.0012,0.0842,-0.0555,0.4182,-0.5488,-0.0142,-0.0555,1.285,1.0898,False,False,-0.5704,-1.6955,0.1486,"{""COMPOSITE-CE-01"": 0.0492, ""COMPOSITE-CE-02"": 0.0025, ""VOLATILITY-CE-01"": 0.1486}"
tsmom_200,ts_trend,default,ok,499,178,0.0095,0.3938,-0.0601,0.519,0.7605,0.0279,-0.0601,0.8411,1.0898,False,False,-0.3045,0.1816,0.3978,"{""COMPOSITE-CE-01"": 0.3651, ""COMPOSITE-CE-02"": 0.193, ""VOLATILITY-CE-01"": 0.3978}"
tsmom_200,ts_trend,ce,ok,317,120,0.0206,0.9169,-0.0404,0.5552,1.0889,0.0357,-0.0404,1.285,1.0898,False,False,0.4575,0.7059,0.4109,"{""COMPOSITE-CE-01"": 0.3672, ""COMPOSITE-CE-02"": 0.1981, ""VOLATILITY-CE-01"": 0.4109}"
donchian_55_20,ts_trend,default,ok,402,189,0.0096,0.4188,-0.0714,0.5622,0.6221,0.0247,-0.0714,0.8411,1.0898,False,False,-0.168,0.061,0.3413,"{""COMPOSITE-CE-01"": 0.3413, ""COMPOSITE-CE-02"": 0.2015, ""VOLATILITY-CE-01"": 0.3291}"
donchian_55_20,ts_trend,ce,ok,232,117,0.0169,0.7777,-0.0477,0.6293,0.9979,0.0367,-0.0477,1.285,1.0898,False,False,0.4327,0.6655,0.3393,"{""COMPOSITE-CE-01"": 0.3393, ""COMPOSITE-CE-02"": 0.1988, ""VOLATILITY-CE-01"": 0.3377}"
rand_default_p0.02_s0,random_baseline,default,ok,118,41,0.0049,0.5034,-0.0242,0.5678,0.2878,0.0042,-0.0242,,,False,,,,,p=0.02 seed=30000
rand_default_p0.02_s1,random_baseline,default,ok,142,49,0.0041,0.366,-0.0298,0.5282,0.8424,0.0141,-0.0298,,,False,,,,,p=0.02 seed=30001
rand_default_p0.02_s2,random_baseline,default,ok,132,43,0.0025,0.2453,-0.0302,0.5682,-0.417,-0.006,-0.0264,,,False,,,,,p=0.02 seed=30002
rand_default_p0.02_s3,random_baseline,default,ok,151,47,0.0114,0.9556,-0.013,0.5695,2.1244,0.0339,-0.0112,,,False,,,,,p=0.02 seed=30003
rand_default_p0.02_s4,random_baseline,default,ok,144,46,0.0027,0.2381,-0.0243,0.5278,-0.012,-0.0003,-0.0243,,,False,,,,,p=0.02 seed=30004
rand_default_p0.02_s5,random_baseline,default,ok,146,52,0.0096,0.9251,-0.0104,0.5753,1.3198,0.0184,-0.0104,,,False,,,,,p=0.02 seed=30005
rand_default_p0.02_s6,random_baseline,default,ok,117,39,-0.0011,-0.1009,-0.0312,0.5043,0.1459,0.0017,-0.0167,,,False,,,,,p=0.02 seed=30006
rand_default_p0.02_s7,random_baseline,default,ok,134,44,-0.0014,-0.1358,-0.037,0.4701,0.3323,0.0049,-0.037,,,False,,,,,p=0.02 seed=30007
rand_default_p0.02_s8,random_baseline,default,ok,134,47,0.0066,0.6311,-0.0197,0.597,0.9791,0.015,-0.0197,,,False,,,,,p=0.02 seed=30008
rand_default_p0.02_s9,random_baseline,default,ok,157,50,0.0071,0.5766,-0.0246,0.5541,0.9408,0.0147,-0.0246,,,False,,,,,p=0.02 seed=30009
rand_default_p0.02_s10,random_baseline,default,ok,136,36,0.0028,0.28,-0.0215,0.5074,-0.5206,-0.0065,-0.0215,,,False,,,,,p=0.02 seed=30010
rand_default_p0.02_s11,random_baseline,default,ok,126,41,0.0107,1.0781,-0.0108,0.6349,1.438,0.016,-0.0095,,,False,,,,,p=0.02 seed=30011
rand_default_p0.02_s12,random_baseline,default,ok,111,38,0.0023,0.1925,-0.0417,0.5405,0.2016,0.0039,-0.0417,,,False,,,,,p=0.02 seed=30012
rand_default_p0.02_s13,random_baseline,default,ok,137,32,0.0001,0.0174,-0.0232,0.4599,-0.3927,-0.0057,-0.0177,,,False,,,,,p=0.02 seed=30013
rand_default_p0.02_s14,random_baseline,default,ok,143,52,0.0039,0.334,-0.0233,0.5455,0.1859,0.0031,-0.0233,,,False,,,,,p=0.02 seed=30014
rand_default_p0.02_s15,random_baseline,default,ok,133,46,0.001,0.0929,-0.0319,0.5489,-0.0023,-0.0002,-0.0319,,,False,,,,,p=0.02 seed=30015
rand_default_p0.02_s16,random_baseline,default,ok,137,45,0.0007,0.0705,-0.0254,0.5182,0.4348,0.0058,-0.0144,,,False,,,,,p=0.02 seed=30016
rand_default_p0.02_s17,random_baseline,default,ok,151,51,0.0068,0.5528,-0.0321,0.6026,0.2625,0.0046,-0.0321,,,False,,,,,p=0.02 seed=30017
rand_default_p0.02_s18,random_baseline,default,ok,119,35,-0.0017,-0.1806,-0.0398,0.5042,0.5842,0.0075,-0.0146,,,False,,,,,p=0.02 seed=30018
rand_default_p0.02_s19,random_baseline,default,ok,126,35,0.0062,0.7384,-0.0144,0.5159,0.4189,0.004,-0.0115,,,False,,,,,p=0.02 seed=30019
rand_default_p0.02_s20,random_baseline,default,ok,125,37,0.0047,0.4699,-0.0201,0.536,0.4353,0.0053,-0.0176,,,False,,,,,p=0.02 seed=30020
rand_default_p0.02_s21,random_baseline,default,ok,141,54,0.0071,0.6175,-0.0262,0.5603,0.6531,0.0118,-0.0262,,,False,,,,,p=0.02 seed=30021
rand_default_p0.02_s22,random_baseline,default,ok,140,44,0.0001,0.0167,-0.0188,0.5714,0.0478,0.0007,-0.0184,,,False,,,,,p=0.02 seed=30022
rand_default_p0.02_s23,random_baseline,default,ok,130,50,0.0021,0.2015,-0.0167,0.5077,0.3006,0.0047,-0.0167,,,False,,,,,p=0.02 seed=30023
rand_default_p0.02_s24,random_baseline,default,ok,129,35,0.0053,0.5639,-0.0184,0.5581,-0.2196,-0.0024,-0.0184,,,False,,,,,p=0.02 seed=30024
rand_default_p0.05_s25,random_baseline,default,ok,284,93,0.0013,0.0858,-0.056,0.5141,-0.2026,-0.0048,-0.056,,,False,,,,,p=0.05 seed=30025
rand_default_p0.05_s26,random_baseline,default,ok,265,79,-0.0109,-0.6341,-0.0836,0.4906,-1.7991,-0.0398,-0.08,,,False,,,,,p=0.05 seed=30026
rand_default_p0.05_s27,random_baseline,default,ok,268,77,0.0031,0.1958,-0.0504,0.5075,0.3709,0.0063,-0.0158,,,False,,,,,p=0.05 seed=30027
rand_default_p0.05_s28,random_baseline,default,ok,240,81,0.0057,0.3777,-0.0248,0.5542,0.3967,0.0082,-0.0248,,,False,,,,,p=0.05 seed=30028
rand_default_p0.05_s29,random_baseline,default,ok,259,85,0.0027,0.1715,-0.0377,0.4788,0.205,0.0046,-0.0377,,,False,,,,,p=0.05 seed=30029
rand_default_p0.05_s30,random_baseline,default,ok,277,87,0.0057,0.3307,-0.0401,0.5307,0.5524,0.0136,-0.0401,,,False,,,,,p=0.05 seed=30030
rand_default_p0.05_s31,random_baseline,default,ok,265,84,0.0085,0.5519,-0.0212,0.5547,0.9242,0.0195,-0.0186,,,False,,,,,p=0.05 seed=30031
rand_default_p0.05_s32,random_baseline,default,ok,245,71,0.0035,0.2246,-0.0292,0.4898,0.3845,0.0061,-0.0184,,,False,,,,,p=0.05 seed=30032
rand_default_p0.05_s33,random_baseline,default,ok,270,80,0.0005,0.0385,-0.0405,0.5333,-0.5384,-0.0123,-0.0405,,,False,,,,,p=0.05 seed=30033
rand_default_p0.05_s34,random_baseline,default,ok,272,84,0.0073,0.4224,-0.0452,0.5588,-0.0207,-0.0008,-0.0452,,,False,,,,,p=0.05 seed=30034
rand_default_p0.05_s35,random_baseline,default,ok,280,81,0.0021,0.1242,-0.0506,0.5321,-0.4147,-0.0095,-0.0506,,,False,,,,,p=0.05 seed=30035
rand_default_p0.05_s36,random_baseline,default,ok,266,76,0.003,0.1999,-0.0414,0.4925,-0.0414,-0.0009,-0.034,,,False,,,,,p=0.05 seed=30036
rand_default_p0.05_s37,random_baseline,default,ok,265,85,0.0029,0.1862,-0.04,0.4642,0.7261,0.0165,-0.0216,,,False,,,,,p=0.05 seed=30037
rand_default_p0.05_s38,random_baseline,default,ok,271,77,0.0064,0.3989,-0.0496,0.4982,0.9854,0.0196,-0.0207,,,False,,,,,p=0.05 seed=30038
rand_default_p0.05_s39,random_baseline,default,ok,263,85,0.0004,0.0332,-0.0398,0.4829,0.0769,0.0014,-0.0398,,,False,,,,,p=0.05 seed=30039
rand_default_p0.05_s40,random_baseline,default,ok,277,84,0.0086,0.568,-0.0327,0.5235,0.5858,0.0107,-0.0291,,,False,,,,,p=0.05 seed=30040
rand_default_p0.05_s41,random_baseline,default,ok,250,77,0.0056,0.385,-0.0343,0.552,0.7379,0.0139,-0.0179,,,False,,,,,p=0.05 seed=30041
rand_default_p0.05_s42,random_baseline,default,ok,253,84,0.0006,0.043,-0.0432,0.4941,0.0554,0.0009,-0.0432,,,False,,,,,p=0.05 seed=30042
rand_default_p0.05_s43,random_baseline,default,ok,262,74,0.0077,0.5155,-0.0304,0.5305,0.7395,0.0128,-0.0228,,,False,,,,,p=0.05 seed=30043
rand_default_p0.05_s44,random_baseline,default,ok,276,87,0.0085,0.5754,-0.0335,0.5399,0.4095,0.0067,-0.0223,,,False,,,,,p=0.05 seed=30044
rand_default_p0.05_s45,random_baseline,default,ok,272,78,0.0098,0.613,-0.0251,0.5257,0.3694,0.0076,-0.0212,,,False,,,,,p=0.05 seed=30045
rand_default_p0.05_s46,random_baseline,default,ok,273,86,0.0022,0.148,-0.0306,0.4982,0.4682,0.0099,-0.0306,,,False,,,,,p=0.05 seed=30046
rand_default_p0.05_s47,random_baseline,default,ok,255,85,0.0043,0.2973,-0.0401,0.5373,0.2022,0.0037,-0.0401,,,False,,,,,p=0.05 seed=30047
rand_default_p0.05_s48,random_baseline,default,ok,250,87,0.0046,0.2976,-0.034,0.516,0.5725,0.0117,-0.0316,,,False,,,,,p=0.05 seed=30048
rand_default_p0.05_s49,random_baseline,default,ok,263,81,0.0099,0.6765,-0.0249,0.5627,1.1291,0.0206,-0.0193,,,False,,,,,p=0.05 seed=30049
rand_ce_p0.02_s0,random_baseline,ce,ok,140,46,0.0179,1.4554,-0.0229,0.6929,2.0271,0.0308,-0.0162,,,False,,,,,p=0.02 seed=30050
rand_ce_p0.02_s1,random_baseline,ce,ok,134,44,0.0076,0.497,-0.0278,0.5821,1.3594,0.0266,-0.0203,,,False,,,,,p=0.02 seed=30051
rand_ce_p0.02_s2,random_baseline,ce,ok,120,39,0.0121,0.9923,-0.0225,0.625,1.0123,0.0145,-0.0225,,,False,,,,,p=0.02 seed=30052
rand_ce_p0.02_s3,random_baseline,ce,ok,135,50,0.0144,1.1074,-0.0185,0.6074,1.5003,0.0262,-0.0182,,,False,,,,,p=0.02 seed=30053
rand_ce_p0.02_s4,random_baseline,ce,ok,133,52,0.0116,0.7817,-0.0294,0.6316,0.8521,0.0163,-0.0294,,,False,,,,,p=0.02 seed=30054
rand_ce_p0.02_s5,random_baseline,ce,ok,109,39,0.0088,0.7473,-0.0181,0.5872,1.3566,0.0173,-0.0124,,,False,,,,,p=0.02 seed=30055
rand_ce_p0.02_s6,random_baseline,ce,ok,127,46,0.0072,0.587,-0.0222,0.5118,0.2143,0.0035,-0.0222,,,False,,,,,p=0.02 seed=30056
rand_ce_p0.02_s7,random_baseline,ce,ok,125,40,0.0121,0.9989,-0.0252,0.624,0.4778,0.0068,-0.0252,,,False,,,,,p=0.02 seed=30057
rand_ce_p0.02_s8,random_baseline,ce,ok,132,54,0.0113,0.8919,-0.0253,0.6061,1.5632,0.0277,-0.0253,,,False,,,,,p=0.02 seed=30058
rand_ce_p0.02_s9,random_baseline,ce,ok,130,43,0.0152,1.0565,-0.0218,0.6462,1.5091,0.0278,-0.0218,,,False,,,,,p=0.02 seed=30059
rand_ce_p0.02_s10,random_baseline,ce,ok,129,44,0.0125,0.9821,-0.015,0.6512,1.1527,0.0188,-0.015,,,False,,,,,p=0.02 seed=30060
rand_ce_p0.02_s11,random_baseline,ce,ok,135,43,0.0174,1.2861,-0.0154,0.6667,1.7119,0.029,-0.0151,,,False,,,,,p=0.02 seed=30061
rand_ce_p0.02_s12,random_baseline,ce,ok,129,46,0.0047,0.3509,-0.0301,0.5736,-0.4101,-0.0089,-0.0301,,,False,,,,,p=0.02 seed=30062
rand_ce_p0.02_s13,random_baseline,ce,ok,122,42,0.0124,1.0285,-0.0332,0.623,2.1991,0.0324,-0.0142,,,False,,,,,p=0.02 seed=30063
rand_ce_p0.02_s14,random_baseline,ce,ok,100,26,0.0035,0.3669,-0.0141,0.56,-0.3247,-0.0023,-0.0141,,,False,,,,,p=0.02 seed=30064
rand_ce_p0.02_s15,random_baseline,ce,ok,122,42,0.0062,0.51,-0.0211,0.5492,0.6059,0.0092,-0.021,,,False,,,,,p=0.02 seed=30065
rand_ce_p0.02_s16,random_baseline,ce,ok,124,43,0.0029,0.2303,-0.0364,0.5403,-0.0042,-0.0002,-0.0364,,,False,,,,,p=0.02 seed=30066
rand_ce_p0.02_s17,random_baseline,ce,ok,110,38,0.0049,0.4116,-0.0263,0.5273,1.1617,0.019,-0.0144,,,False,,,,,p=0.02 seed=30067
rand_ce_p0.02_s18,random_baseline,ce,ok,123,33,0.0125,0.9862,-0.0286,0.6341,1.4825,0.0193,-0.0131,,,False,,,,,p=0.02 seed=30068
rand_ce_p0.02_s19,random_baseline,ce,ok,111,36,0.001,0.0786,-0.0463,0.5946,-0.3712,-0.0073,-0.0463,,,False,,,,,p=0.02 seed=30069
rand_ce_p0.02_s20,random_baseline,ce,ok,118,39,0.0059,0.5454,-0.0373,0.5508,1.431,0.0211,-0.0114,,,False,,,,,p=0.02 seed=30070
rand_ce_p0.02_s21,random_baseline,ce,ok,138,46,0.0114,0.8481,-0.0318,0.5942,1.5473,0.0239,-0.0117,,,False,,,,,p=0.02 seed=30071
rand_ce_p0.02_s22,random_baseline,ce,ok,116,36,0.0111,0.8641,-0.0168,0.5776,2.0162,0.03,-0.0084,,,False,,,,,p=0.02 seed=30072
rand_ce_p0.02_s23,random_baseline,ce,ok,112,31,0.0054,0.5044,-0.0249,0.5714,-0.3722,-0.0045,-0.0249,,,False,,,,,p=0.02 seed=30073
rand_ce_p0.02_s24,random_baseline,ce,ok,117,44,0.0041,0.3211,-0.0272,0.5128,0.1006,0.0017,-0.0272,,,False,,,,,p=0.02 seed=30074
rand_ce_p0.05_s25,random_baseline,ce,ok,190,62,0.007,0.4003,-0.0453,0.5737,0.1214,0.0026,-0.0453,,,False,,,,,p=0.05 seed=30075
rand_ce_p0.05_s26,random_baseline,ce,ok,216,74,0.0215,1.2622,-0.0241,0.6204,1.6277,0.033,-0.0241,,,False,,,,,p=0.05 seed=30076
rand_ce_p0.05_s27,random_baseline,ce,ok,204,67,0.0143,0.878,-0.0225,0.6078,1.2438,0.0253,-0.0225,,,False,,,,,p=0.05 seed=30077
rand_ce_p0.05_s28,random_baseline,ce,ok,208,64,0.0201,1.2836,-0.0282,0.601,1.6951,0.0294,-0.0123,,,False,,,,,p=0.05 seed=30078
rand_ce_p0.05_s29,random_baseline,ce,ok,219,68,0.0144,0.7487,-0.0267,0.5845,1.2603,0.0281,-0.0252,,,False,,,,,p=0.05 seed=30079
rand_ce_p0.05_s30,random_baseline,ce,ok,204,67,0.0203,1.2627,-0.0451,0.6275,0.6134,0.0115,-0.0451,,,False,,,,,p=0.05 seed=30080
rand_ce_p0.05_s31,random_baseline,ce,ok,223,74,0.0143,0.7756,-0.0365,0.565,1.1847,0.0269,-0.0247,,,False,,,,,p=0.05 seed=30081
rand_ce_p0.05_s32,random_baseline,ce,ok,205,69,0.008,0.4424,-0.0308,0.5707,0.5819,0.0131,-0.0308,,,False,,,,,p=0.05 seed=30082
rand_ce_p0.05_s33,random_baseline,ce,ok,224,75,0.0157,0.8651,-0.0283,0.6071,1.1226,0.0251,-0.0247,,,False,,,,,p=0.05 seed=30083
rand_ce_p0.05_s34,random_baseline,ce,ok,221,73,0.0193,1.0024,-0.0282,0.5928,1.2659,0.0321,-0.0221,,,False,,,,,p=0.05 seed=30084
rand_ce_p0.05_s35,random_baseline,ce,ok,211,73,0.0217,1.2623,-0.0256,0.6161,1.6188,0.0342,-0.0256,,,False,,,,,p=0.05 seed=30085
rand_ce_p0.05_s36,random_baseline,ce,ok,203,66,0.0134,0.7693,-0.0352,0.5517,0.6516,0.0139,-0.0352,,,False,,,,,p=0.05 seed=30086
rand_ce_p0.05_s37,random_baseline,ce,ok,204,71,0.0239,1.472,-0.0322,0.6324,1.0232,0.0211,-0.0322,,,False,,,,,p=0.05 seed=30087
rand_ce_p0.05_s38,random_baseline,ce,ok,205,64,0.0138,0.7941,-0.0231,0.6146,1.1307,0.0237,-0.0218,,,False,,,,,p=0.05 seed=30088
rand_ce_p0.05_s39,random_baseline,ce,ok,213,67,0.01,0.5847,-0.0371,0.5352,-0.0433,-0.0011,-0.0371,,,False,,,,,p=0.05 seed=30089
rand_ce_p0.05_s40,random_baseline,ce,ok,209,65,0.0167,1.0229,-0.0376,0.6029,0.3101,0.0057,-0.0376,,,False,,,,,p=0.05 seed=30090
rand_ce_p0.05_s41,random_baseline,ce,ok,193,66,0.0192,1.273,-0.0205,0.6528,1.56,0.0252,-0.0205,,,False,,,,,p=0.05 seed=30091
rand_ce_p0.05_s42,random_baseline,ce,ok,204,65,0.0067,0.3684,-0.0376,0.6029,-0.2933,-0.0073,-0.0376,,,False,,,,,p=0.05 seed=30092
rand_ce_p0.05_s43,random_baseline,ce,ok,235,76,0.0123,0.6402,-0.0438,0.5702,0.5425,0.0125,-0.0438,,,False,,,,,p=0.05 seed=30093
rand_ce_p0.05_s44,random_baseline,ce,ok,223,82,0.018,0.9954,-0.028,0.6188,0.8331,0.0196,-0.028,,,False,,,,,p=0.05 seed=30094
rand_ce_p0.05_s45,random_baseline,ce,ok,201,71,0.0065,0.3562,-0.0401,0.5771,0.9779,0.023,-0.0351,,,False,,,,,p=0.05 seed=30095
rand_ce_p0.05_s46,random_baseline,ce,ok,204,68,0.0118,0.713,-0.0326,0.5196,0.9658,0.0205,-0.0269,,,False,,,,,p=0.05 seed=30096
rand_ce_p0.05_s47,random_baseline,ce,ok,219,72,0.0188,1.1219,-0.0184,0.5982,1.483,0.0287,-0.0139,,,False,,,,,p=0.05 seed=30097
rand_ce_p0.05_s48,random_baseline,ce,ok,207,68,0.015,0.8117,-0.0305,0.628,1.4338,0.0323,-0.0205,,,False,,,,,p=0.05 seed=30098
rand_ce_p0.05_s49,random_baseline,ce,ok,218,72,0.0143,0.7678,-0.0455,0.5917,0.2676,0.006,-0.0455,,,False,,,,,p=0.05 seed=30099
ew5_buyhold,passive_null,none,ok,0,0,0.0952,0.9898,-0.2036,,0.9109,0.1412,-0.2036,,,,,,,J8 formula verbatim
ew5_monthly_rebal,passive_null,none,ok,0,0,0.0836,1.1313,-0.1347,,0.989,0.1049,-0.1347,,,,,,,J8 formula verbatim
