date,open,high,low,close,volume,oi,settle
2022-07-22,7050,7085.2,6857,6956.6,22153,17517,0
2022-07-25,6974.2,7015.8,6850,6878.6,22883,18747,0
2022-07-26,6898,6994,6844.8,6991,19269,20386,0
2022-07-27,6982,7074.4,6965.2,7066.2,19290,21390,0
2022-07-28,7110,7171.4,7072.4,7119,22464,24584,0
2022-07-29,7130,7152,7068,7087,25025,25557,0
2022-08-01,7070.2,7141,7004.4,7136.6,22084,24149,0
2022-08-02,7070,7075,6820.4,6948.2,37753,31769,0
2022-08-03,6990,7062,6860.8,6882.8,32325,29243,0
2022-08-04,6933,6942.8,6778.2,6890.8,35394,30899,0
2022-08-05,6903.4,7080.8,6903.4,7080,31492,28786,0
2022-08-08,7060,7145,7039.6,7132.2,20853,26514,0
2022-08-09,7120,7164.8,7084.4,7160.6,18871,25359,0
2022-08-10,7138,7202,7130,7168.4,21848,26391,0
2022-08-11,7201.4,7287.6,7179.6,7284.8,22671,24871,0
2022-08-12,7275,7306,7205.4,7222.4,19678,23573,0
2022-08-15,7210,7297.6,7206,7266,20698,23063,0
2022-08-16,7275,7361.4,7257.2,7311,21099,20891,0
2022-08-17,7317,7346.4,7263.8,7327.6,18274,17086,0
2022-08-18,7320,7370.4,7303,7358.8,14405,10606,0
2022-08-19,7319,7337,7183.2,7186.4,31515,41807,0
2022-08-22,7179.8,7252.8,7119.4,7232.4,27615,41665,0
2022-08-23,7224,7259.8,7208.6,7253.6,25221,40321,0
2022-08-24,7263,7277,6951.4,6969.8,43723,45038,0
2022-08-25,6995,6999,6865,6940.4,40047,44392,0
2022-08-26,6968.6,7032,6886.4,6911.6,34552,44639,0
2022-08-29,6810,6979,6805,6950,35892,45432,0
2022-08-30,6954.2,6965.4,6887.2,6941,30897,43960,0
2022-08-31,6918.4,6931.8,6699,6710.2,47768,48827,0
2022-09-01,6720,6787.2,6649.8,6682.6,38108,43659,0
2022-09-02,6706.4,6773.4,6669.8,6730.2,34760,42659,0
2022-09-05,6726.4,6810.8,6691.8,6747.2,30586,38945,0
2022-09-06,6770,6885,6738,6879.8,33895,40847,0
2022-09-07,6851,6954,6851,6920.2,27172,37445,0
2022-09-08,6921.4,6944.8,6864,6874.4,24336,36622,0
2022-09-09,6893,6918.8,6836.2,6913,31079,35762,0
2022-09-13,6935.2,6957.6,6872,6891.4,26519,30839,0
2022-09-14,6810,6851,6784.8,6826,27940,26703,0
2022-09-15,6855.4,6860,6524.4,6596.4,29581,17024,0
2022-09-16,6500,6557.8,6369.2,6383.2,42595,42941,0
2022-09-19,6373,6428.2,6257,6298.2,41542,44209,0
2022-09-20,6361,6464.8,6343,6388.8,37253,42171,0
2022-09-21,6368,6447.6,6303,6412.6,39329,43368,0
2022-09-22,6373.4,6506.8,6368,6435.8,40306,41743,0
2022-09-23,6437,6458.8,6246,6323.4,55619,47752,0
2022-09-26,6288,6391,6251.2,6255,41247,43783,0
2022-09-27,6289,6405,6270.8,6398.8,41677,42452,0
2022-09-28,6380.2,6393.2,6201.2,6202.6,48495,46383,0
2022-09-29,6275,6308,6180.2,6232.4,44555,44324,0
2022-09-30,6242,6247.4,6098.2,6103,42514,42279,0
2022-10-10,6121.6,6142.8,5941.4,5976,35148,40822,0
2022-10-11,5990,6030,5935,5994.2,35293,41560,0
2022-10-12,5985.6,6182.4,5895.2,6169.2,51182,42940,0
2022-10-13,6147.6,6305,6142.2,6242.4,39115,39171,0
2022-10-14,6300,6437.4,6273.2,6418,39202,36866,0
2022-10-17,6400,6487.4,6396.8,6448,31880,33532,0
2022-10-18,6466,6547.8,6432.4,6497.2,30270,29775,0
2022-10-19,6477,6545,6452.4,6462.4,29061,23707,0
2022-10-20,6435.2,6543.8,6328.6,6445.8,28712,16423,0
2022-10-21,6376,6424.8,6315,6377.4,36648,37244,0
2022-10-24,6370,6554.4,6267,6360,52094,42297,0
2022-10-25,6340,6389,6212.4,6340.8,51852,43255,0
2022-10-26,6348.2,6578,6336.2,6500.6,59542,46450,0
2022-10-27,6534.2,6560,6453,6473,42741,44611,0
2022-10-28,6426.2,6462.6,6202,6224.2,51221,49201,0
2022-10-31,6203,6360,6185.4,6286.6,48429,45610,0
2022-11-01,6317,6471,6271.4,6471,50479,47333,0
2022-11-02,6459,6561.8,6447,6532,35874,42370,0
2022-11-03,6493,6589,6493,6563.4,33815,44664,0
2022-11-04,6588,6750.8,6564.2,6746.6,43107,45654,0
2022-11-07,6731.4,6777,6661,6711.8,37120,44441,0
2022-11-08,6045.4,6717.8,6045.4,6707.6,28811,41036,0
2022-11-09,6700.4,6748,6660,6674.8,29093,41426,0
2022-11-10,6638,6667,6584,6616,33758,39501,0
2022-11-11,6800,6811.6,6641.8,6645,45127,41806,0
2022-11-14,6668,6714,6565.6,6592.2,36933,35029,0
2022-11-15,6595,6753.2,6582.6,6753,33028,29552,0
2022-11-16,6747.8,6774.6,6691.6,6698.2,23921,20940,0
2022-11-17,6682.4,6722,6634,6715.2,20540,13082,0
2022-11-18,6700.6,6760,6631.4,6646.4,41232,65843,0
2022-11-21,6606.2,6695.8,6581.2,6685,39569,63153,0
2022-11-22,6674,6686.8,6514.4,6557.2,51946,65524,0
2022-11-23,6563,6584,6422.2,6553.4,49857,62214,0
2022-11-24,6570,6595.6,6520.4,6559.2,38327,59758,0
2022-11-25,6545.2,6553.8,6485.8,6497,35966,59535,0
2022-11-28,6424.2,6500.6,6371.4,6492,42689,59330,0
2022-11-29,6502,6632.8,6501,6597,41900,58558,0
2022-11-30,6600.2,6623,6555.4,6582.8,31915,56213,0
2022-12-01,6656,6713.8,6637.8,6662,34834,55105,0
2022-12-02,6662.2,6747,6651.2,6681.8,30017,53280,0
2022-12-05,6729,6736,6673,6703,34433,53712,0
2022-12-06,6690.2,6747,6657,6697.8,35502,53057,0
2022-12-07,6689.8,6739,6671.6,6695.2,31060,50646,0
2022-12-08,6701.4,6701.4,6633.8,6663.8,29056,46919,0
2022-12-09,6666,6699.6,6613.2,6684.8,34377,48640,0
2022-12-12,6678,6691.6,6614,6654.6,36779,40334,0
2022-12-13,6659.8,6659.8,6590.6,6604.8,27158,36462,0
2022-12-14,6615,6638.4,6551.4,6573.6,30053,27501,0
2022-12-15,6564.8,6618.4,6547.6,6600.6,23979,15696,0
2022-12-16,6581,6597.8,6509.8,6515,14369,6155,0
2022-12-19,6524,6553.6,6377.2,6417,31461,44445,0
2022-12-20,6403,6418.6,6337.6,6350.4,31960,47112,0
2022-12-21,6356,6369.8,6248.8,6302.2,30254,46197,0
2022-12-22,6327.8,6333.6,6171.2,6206,32221,50546,0
2022-12-23,6182,6232.2,6130.4,6165.2,34624,49302,0
2022-12-26,6172.2,6305.4,6170.2,6285.2,33311,49953,0
2022-12-27,6305,6339,6265.4,6336.2,26878,46652,0
2022-12-28,6310,6318.4,6263.8,6293.4,22558,45214,0
2022-12-29,6279.8,6334.8,6260.8,6269.2,27458,46782,0
2022-12-30,6290.2,6304,6261,6285.8,21902,44071,0
2023-01-03,6280,6442.8,6276,6420,29613,46448,0
2023-01-04,6420,6439,6375,6414.4,22569,42870,0
2023-01-05,6433.8,6494,6408.2,6490.4,24379,42369,0
2023-01-06,6487.2,6543.6,6478.2,6505.2,23789,42744,0
2023-01-09,6518.2,6571,6513,6518.2,21905,41037,0
2023-01-10,6527,6546.6,6490.2,6532.2,17855,38530,0
2023-01-11,6539,6562.4,6481,6494.4,22001,38986,0
2023-01-12,6500,6541.6,6473.8,6492,24588,36807,0
2023-01-13,6509.8,6551.8,6481.2,6542.4,24189,33813,0
2023-01-16,6540,6658.8,6539.8,6597.4,31794,31869,0
2023-01-17,6606,6646.6,6592.6,6608.2,19735,26573,0
2023-01-18,6620.8,6653.8,6611.4,6621.2,18132,20699,0
2023-01-19,6607.8,6692.8,6587.4,6687.4,16681,13167,0
2023-01-20,6736.2,6777.6,6717.4,6777.6,23193,37954,0
2023-01-30,6881.2,6888,6791,6792.8,27391,40518,0
2023-01-31,6796.2,6848,6775.6,6818,23191,39733,0
2023-02-01,6831,6923,6822.2,6922.6,26743,41219,0
2023-02-02,6932.6,6983.4,6911.8,6928,28541,39990,0
2023-02-03,6910,6933,6825,6920,34786,41115,0
2023-02-06,6892.2,6924.6,6840.2,6893.6,30107,39194,0
2023-02-07,6907.4,6916,6840.8,6912.8,31160,40065,0
2023-02-08,6905.8,6926,6853,6865.8,26376,37234,0
2023-02-09,6841,7023,6838.4,7020.8,35972,41161,0
2023-02-10,7009.8,7023.8,6911,6977.6,34437,37468,0
2023-02-13,6968.4,7045,6960.2,7039.6,26143,33371,0
2023-02-14,7050.6,7065,7016,7055.6,19802,28634,0
2023-02-15,7051.4,7071.8,7025.6,7049.8,20524,23486,0
2023-02-16,7039.8,7077.8,6864.2,6909.2,49836,75848,0
2023-02-17,6928,6940.6,6842,6849.8,47096,79401,0
2023-02-20,6871,6928.8,6796,6922,45771,74754,0
2023-02-21,6925.4,6988.4,6890,6935.2,37792,73671,0
2023-02-22,6916,6989.8,6910.8,6968,32043,71937,0
2023-02-23,6968,6987.2,6883.8,6944.8,34847,72185,0
2023-02-24,6947,6966.4,6872.6,6928.6,31201,69442,0
2023-02-27,6903.2,6922.6,6830.8,6879.2,34001,70262,0
2023-02-28,6899,6954,6847.6,6937.4,35963,69823,0
2023-03-01,6927.4,6984.2,6912.4,6980.6,35047,66106,0
2023-03-02,6978,7013.6,6941.6,6961.6,30230,64064,0
2023-03-03,6955.2,6992.8,6899.4,6942,33740,64259,0
2023-03-06,6949,6990.8,6902.2,6956.4,31889,62252,0
2023-03-07,6950.8,6963.4,6844.8,6846.8,43995,67075,0
2023-03-08,6828,6889.6,6821.8,6871,31970,61834,0
2023-03-09,6876,6888.2,6833,6878.6,32424,61128,0
2023-03-10,6840.8,6863.8,6787.6,6798.4,38784,59243,0
2023-03-13,6792,6838,6744.4,6832.6,37275,53070,0
2023-03-14,6820.6,6830.6,6696.4,6775.8,43522,47626,0
2023-03-15,6800,6854.8,6786.8,6807.2,37688,32853,0
2023-03-16,6777,6791.8,6685.4,6706,31718,21210,0
2023-03-17,6742.4,6791.2,6726.2,6748.4,17456,7773,0
2023-03-20,6755,6762.4,6687,6719.8,31841,49582,0
2023-03-21,6740,6807.8,6731,6791.4,30156,47082,0
2023-03-22,6811,6841.8,6800.6,6825.6,22846,44365,0
2023-03-23,6816,6852.6,6808.8,6850.4,23663,45485,0
2023-03-24,6854.8,6870,6830,6857,21217,43286,0
2023-03-27,6857,6884.8,6815.8,6860,27156,44995,0
2023-03-28,6849,6861.8,6809,6827.4,26878,44055,0
2023-03-29,6849,6850,6786.8,6806,25258,44161,0
2023-03-30,6805,6821.6,6757.6,6821.6,30540,47259,0
2023-03-31,6824.2,6875,6813.2,6873.8,25374,43321,0
2023-04-03,6885,6959.8,6880,6940,27944,44490,0
2023-04-04,6946.4,6954.8,6907.6,6950.2,24433,41324,0
2023-04-06,6920,6967,6918,6959.4,23912,40626,0
2023-04-07,6973,7033.8,6961.4,7026.2,24909,38856,0
2023-04-10,7038,7047.6,6953.2,6971,28753,41153,0
2023-04-11,6981.4,6990.8,6946,6972.4,24815,38736,0
2023-04-12,6979,7012,6970.2,7002.2,23347,36965,0
2023-04-13,6995,7011.2,6959,6967,28815,38799,0
2023-04-14,6978.2,7015.8,6951,7004.2,31369,37197,0
2023-04-17,6999.6,7021.8,6985,7009.6,27294,32914,0
2023-04-18,6995,7006.2,6955.4,6980.2,28580,29928,0
2023-04-19,6973.6,7002.2,6945.8,6955.2,23503,22714,0
2023-04-20,6949.8,6963,6915.6,6955.8,20732,14165,0
2023-04-21,6950,6958.4,6808.2,6813.4,13464,4950,0
2023-04-24,6772.8,6775.4,6690.2,6722.2,33322,45278,0
2023-04-25,6705,6716.2,6523.4,6612,43556,55371,0
2023-04-26,6596.6,6665,6589.8,6629,38586,51289,0
2023-04-27,6601.2,6689.2,6601.2,6647.6,35246,53182,0
2023-04-28,6650,6743,6647.6,6738.4,30060,48065,0
2023-05-04,6723,6747.2,6689,6725.2,20870,45667,0
2023-05-05,6722.6,6724.6,6607.8,6650,30332,47530,0
2023-05-08,6660,6720.6,6657,6687.8,27149,44055,0
2023-05-09,6687.8,6703.2,6611.6,6613.6,31285,46862,0
2023-05-10,6613.8,6658,6580.8,6624.4,32100,45489,0
2023-05-11,6631.4,6655,6612,6615.6,21391,41262,0
2023-05-12,6604.6,6639.8,6528.8,6538.6,29289,42155,0
2023-05-15,6542.2,6586,6469.2,6577.2,33402,36453,0
2023-05-16,6587,6587,6497,6519.2,27729,31028,0
2023-05-17,6505,6566,6505,6544.8,25640,24501,0
2023-05-18,6565,6592.6,6548.2,6578.6,20494,15111,0
2023-05-19,6546,6608.2,6516,6590.6,40367,94122,0
2023-05-22,6585.2,6599.6,6531.8,6578.2,34161,89487,0
2023-05-23,6580,6593.4,6511.2,6513,35048,91477,0
2023-05-24,6503,6556.8,6467,6497,39161,90114,0
2023-05-25,6495,6539.8,6403.4,6476.8,43785,93782,0
2023-05-26,6470,6552.8,6431,6535.8,39756,87621,0
2023-05-29,6553,6578,6494.6,6525.4,31583,86931,0
2023-05-30,6520,6567.6,6454.2,6558,40319,88984,0
2023-05-31,6550,6573.6,6505,6547,34785,85351,0
2023-06-01,6530,6609.2,6510.4,6567.6,35493,86226,0
2023-06-02,6588.8,6635,6580.8,6612.4,31483,81837,0
2023-06-05,6620.4,6631.8,6595.6,6611.8,24732,79250,0
2023-06-06,6606,6606,6451,6467.8,43241,79589,0
2023-06-07,6479.8,6512,6456.6,6470.8,31666,72035,0
2023-06-08,6470.6,6471,6389.6,6438.4,39186,74478,0
2023-06-09,6449.8,6494,6418,6484,36363,67406,0
2023-06-12,6480,6540.8,6472.2,6513.2,37962,61749,0
2023-06-13,6503,6552.8,6503,6540,30729,49924,0
2023-06-14,6545.4,6581.6,6535.2,6566.6,35752,39532,0
2023-06-15,6579.6,6624.4,6560.2,6607.2,30058,22764,0
2023-06-16,6607.6,6671.8,6602.2,6665.4,16039,9968,0
2023-06-19,6639,6665.6,6635,6647.8,24948,53244,0
2023-06-20,6638.8,6679,6633.4,6652.2,23929,53015,0
2023-06-21,6637.6,6645,6524.8,6525.2,39072,59666,0
2023-06-26,6499,6519.2,6402,6427.2,44330,65924,0
2023-06-27,6434,6504.8,6422.8,6478.4,34201,61890,0
2023-06-28,6478.4,6478.4,6360,6463,44033,66545,0
2023-06-29,6453,6510.2,6447,6491.8,30886,59435,0
2023-06-30,6481.8,6596,6481.8,6575,30629,58677,0
2023-07-03,6599,6626,6556.8,6583.6,28321,55416,0
2023-07-04,6581.6,6614,6580,6613.4,19966,53072,0
2023-07-05,6609.6,6616,6552.8,6566.2,25538,54070,0
2023-07-06,6557,6606.8,6532,6535.6,28834,53982,0
2023-07-07,6531.6,6538.8,6468.2,6513,34158,57063,0
2023-07-10,6538,6551.8,6489.2,6520.4,25605,52112,0
2023-07-11,6528.2,6580,6508.4,6571,26892,52706,0
2023-07-12,6574.4,6578,6477.8,6483.8,30497,53020,0
2023-07-13,6501.2,6561.2,6501.2,6549.6,33558,53198,0
2023-07-14,6562,6571.6,6539,6541,23532,46673,0
2023-07-17,6521.2,6529.8,6474,6514.8,27095,44688,0
2023-07-18,6519,6538.2,6482.2,6515,28836,38688,0
2023-07-19,6510.2,6532.6,6464,6501,27906,29637,0
2023-07-20,6539.4,6539.4,6409,6416.2,28236,21117,0
2023-07-21,6402.4,6454.2,6383,6407,37502,56714,0
2023-07-24,6394,6445.4,6377.8,6393.6,24661,54618,0
2023-07-25,6477,6513,6455,6497.6,33597,56956,0
2023-07-26,6494.8,6495.8,6446.8,6468.4,23883,54432,0
2023-07-27,6470.2,6489,6403.6,6421,25942,56731,0
2023-07-28,6397.6,6491.2,6380,6473.6,36381,59569,0
2023-07-31,6495,6576,6486.6,6524.6,36386,59432,0
2023-08-01,6518.6,6539.6,6497.2,6509,25933,56027,0
2023-08-02,6501.6,6522.8,6470,6495.8,27477,55525,0
2023-08-03,6476.4,6500,6457.4,6495.6,26270,53865,0
2023-08-04,6520.6,6576,6503.8,6534.6,36472,57118,0
2023-08-07,6525.2,6549,6501,6515.6,25260,52722,0
2023-08-08,6502.4,6514.2,6456.2,6484.8,28508,53525,0
2023-08-09,6457,6480,6423.4,6433.2,24391,50170,0
2023-08-10,6423,6453.8,6397.4,6424.6,25321,50230,0
2023-08-11,6431.8,6435.8,6301.6,6304,32185,50054,0
2023-08-14,6246,6329.8,6212.8,6323.2,36541,47593,0
2023-08-15,6336,6336.4,6204.8,6268.2,35306,40790,0
2023-08-16,6245,6263.4,6188.6,6188.6,28738,31415,0
2023-08-17,6181,6273,6130.8,6243.8,28075,20815,0
2023-08-18,6259,6280.6,6123.2,6127.4,51556,114590,0
2023-08-21,6119.4,6169.6,5910.4,6053.8,49495,115780,0
2023-08-22,6093.8,6108.8,5973,6084,56411,117360,0
2023-08-23,6071.2,6075,5955.6,5974.8,46053,114016,0
2023-08-24,6003.2,6051.6,5948,5977.6,48013,114480,0
2023-08-25,5950,5986.2,5851,5881.8,60560,118272,0
2023-08-28,6230,6230,5888.2,5907.6,74218,114864,0
2023-08-29,5908,6143.8,5904.8,6099.2,76913,116174,0
2023-08-30,6121,6203.6,6103,6128.2,59262,108927,0
2023-08-31,6124.4,6138.8,6081.6,6110.6,44355,105451,0
2023-09-01,6123.4,6148.8,6081.8,6103,37772,101705,0
2023-09-04,6130,6198,6100.2,6198,49221,102622,0
2023-09-05,6190,6208.8,6143,6162.2,37506,93238,0
2023-09-06,6145,6207,6096.4,6178.8,40919,93733,0
2023-09-07,6160,6170.8,6068,6077.2,49425,90160,0
2023-09-08,6050.4,6111,6050.4,6075.4,41430,82315,0
2023-09-11,6093,6198.2,6058,6165,53983,78322,0
2023-09-12,6165,6197.4,6153.4,6172.2,38208,61161,0
2023-09-13,6158,6165.4,6041.4,6094,50989,48936,0
2023-09-14,6093,6093.6,6031.2,6077.2,38289,25838,0
2023-09-15,6088,6122.4,6047.2,6066.6,20135,12118,0
2023-09-18,6040,6107,6019.2,6083.6,45674,72555,0
2023-09-19,6078.2,6079.6,6010,6039.2,37431,72024,0
2023-09-20,6020,6043.8,5985,5987.2,29923,71440,0
2023-09-21,5970,6006.2,5928.4,5941.8,38129,75442,0
2023-09-22,5941.6,6068,5925.2,6065,52998,76350,0
2023-09-25,6055.2,6070,6009.8,6031.4,34272,68659,0
2023-09-26,6021.6,6038.2,6000.8,6007.2,27754,67998,0
2023-09-27,6005,6080,5997.8,6050.2,38721,70607,0
2023-09-28,6063.4,6078.4,6045,6075,31072,66737,0
2023-10-09,6075,6079.6,6017,6055,36957,68420,0
2023-10-10,6074.2,6094.8,6028.4,6033.8,29619,63047,0
2023-10-11,6059.8,6114.4,6026,6040.4,39897,64663,0
2023-10-12,6078,6096.8,6052,6093,33395,58148,0
2023-10-13,6069,6085.6,6058.4,6084.2,24927,55661,0
2023-10-16,6090.2,6092,5995,6013.4,36887,55778,0
2023-10-17,6020.2,6024.4,5961,6006.6,35111,46652,0
2023-10-18,5990,5990,5894,5904.6,37469,36893,0
2023-10-19,5884.2,5926.8,5837.6,5845.2,33707,22835,0
2023-10-20,5820,5848.4,5741.8,5766.2,45404,64725,0
2023-10-23,5751.4,5751.4,5571.2,5602,48848,67632,0
2023-10-24,5622.6,5725,5588.8,5675.2,52659,68042,0
2023-10-25,5725,5792.8,5725,5739.6,35641,61564,0
2023-10-26,5720.4,5804.2,5702,5780.8,42229,64865,0
2023-10-27,5762.2,5927.4,5748.2,5907,50082,61876,0
2023-10-30,5902,6003,5896.8,5975,38967,60803,0
2023-10-31,5975,5989.6,5914.2,5945,35985,59087,0
2023-11-01,5950,5965,5912.8,5936.2,31788,56954,0
2023-11-02,5945.6,5969.6,5873.2,5877.4,32331,58022,0
2023-11-03,5888,5995.4,5888,5958,44539,60138,0
2023-11-06,6000.2,6099.8,6000,6085.8,39128,56259,0
2023-11-07,6085.6,6128,6057.6,6098,32102,54924,0
2023-11-08,6097,6138.8,6072.4,6110.6,38629,55049,0
2023-11-09,6102,6146.6,6055.8,6072.2,38845,53937,0
2023-11-10,6050.4,6079.4,6025.2,6066,35815,48280,0
2023-11-13,6088.4,6125,6062.4,6124,35749,44284,0
2023-11-14,6124,6179.2,6111.4,6165.4,37346,39007,0
2023-11-15,6210,6228.4,6171,6199.2,30794,28855,0
2023-11-16,6135,6145.8,6082.8,6088.8,43848,122178,0
2023-11-17,6079.8,6155,6071.8,6153.2,48384,130747,0
2023-11-20,6165.4,6218,6115.8,6213.8,51325,130489,0
2023-11-21,6225,6237,6151.2,6161.8,47498,126866,0
2023-11-22,6145,6195,6090.4,6093,46938,128145,0
2023-11-23,6090.2,6179.8,6067.2,6176.6,56528,126506,0
2023-11-24,6163,6165.6,6059.2,6081,51088,123812,0
2023-11-27,6074.2,6103.2,6034.4,6081.2,48025,121213,0
2023-11-28,6070.6,6114.2,6016.8,6097.2,49335,120191,0
2023-11-29,6093.8,6109.6,6053,6074.6,38673,114482,0
2023-11-30,6065,6074.8,5988.2,6036,51825,118665,0
2023-12-01,6036,6110.8,6010.6,6092.2,55283,114392,0
2023-12-04,6100,6109.8,6057.4,6058.6,44645,108833,0
2023-12-05,6050.2,6050.2,5945.2,5958.2,50053,105484,0
2023-12-06,5938,6047,5930.6,5997.8,52974,102545,0
2023-12-07,5985,6040,5946,6014.2,59078,96530,0
2023-12-08,6025.2,6065,5996,6000.8,51721,84179,0
2023-12-11,5973,6096,5935.2,6070.6,60774,75330,0
2023-12-12,6070,6086,6048.4,6079,45958,55716,0
2023-12-13,6062.2,6078.6,6013.4,6022.6,39656,40034,0
2023-12-14,6041.2,6082,5991,6000,35203,23013,0
2023-12-15,6010,6034.8,5952.2,5956.2,20199,9446,0
2023-12-18,5891,5906.4,5807.4,5831.6,41552,77772,0
2023-12-19,5826,5868,5800.4,5838,42896,80418,0
2023-12-20,5846,5860.8,5741,5745,41766,78823,0
2023-12-21,5721.6,5799.2,5665.2,5770.2,57907,85262,0
2023-12-22,5756.2,5797.6,5697,5722.8,56485,83263,0
2023-12-25,5725.2,5755,5682.4,5717.6,37888,81248,0
2023-12-26,5711.4,5711.4,5619.6,5636.6,41911,84435,0
2023-12-27,5654.6,5689.6,5616,5673,44291,85714,0
2023-12-28,5659,5818.8,5642.6,5803.4,59871,85970,0
2023-12-29,5799,5903.2,5798.6,5894.8,49489,80879,0
2024-01-02,5895,5902,5832,5833.6,34421,77941,0
2024-01-03,5818,5852.6,5766,5809.4,39674,77490,0
2024-01-04,5800,5802.2,5730,5765.2,43701,76857,0
2024-01-05,5751,5780,5645.2,5664.8,49324,78064,0
2024-01-08,5649,5653.6,5462.6,5480.2,63475,84117,0
2024-01-09,5504.8,5584.2,5471,5513.4,66881,77072,0
2024-01-10,5500.4,5567.4,5412.2,5484.6,60977,75297,0
2024-01-11,5485.2,5640,5472.4,5595.2,63401,73029,0
2024-01-12,5576.4,5637.6,5551,5551,46706,62619,0
2024-01-15,5528,5599.8,5498,5530.2,51572,61673,0
2024-01-16,5525.6,5547.4,5433.2,5513,59099,51543,0
2024-01-17,5500.2,5505,5330,5346.4,48961,41346,0
2024-01-18,5335,5376,5177.8,5344.6,51285,27909,0
2024-01-19,5248,5309.6,5205.2,5217.4,61749,69906,0
2024-01-22,5204.8,5220.2,4726,4830.4,93331,77889,0
2024-01-23,4830.2,5058,4773,4998,101009,78867,0
2024-01-24,5055,5111,4833,5090.8,112868,82649,0
2024-01-25,5055.4,5307.8,5038,5306.6,97699,76703,0
2024-01-26,5284,5316.8,5196,5216.8,74122,71513,0
2024-01-29,5248,5271.4,5058,5063,82003,75990,0
2024-01-30,5035.2,5099.4,4886,4907.2,83571,76370,0
2024-01-31,4889,4935.4,4706.4,4727.2,109118,81823,0
2024-02-01,4701.8,4858.2,4651,4699.2,115210,81141,0
2024-02-02,4726.2,4788,4339,4507.2,134558,78971,0
2024-02-05,4453,4458.6,4081.2,4176.6,161837,81624,0
2024-02-06,4146,4645.8,4129,4609,138116,61421,0
2024-02-07,4586,4841.2,4566.6,4793,173017,130284,0
2024-02-08,4846.2,5078,4846.2,4980.4,173190,135122,0
2024-02-19,5070,5122.6,4856.2,4954.6,132602,138301,0
2024-02-20,4922.2,5030.2,4872.4,4989,116169,134213,0
2024-02-21,4950.8,5215,4940.4,5001.4,152686,140832,0
2024-02-22,5031,5137.6,5016.2,5122.4,128355,136589,0
2024-02-23,5150,5218,5066.6,5217,125499,135418,0
2024-02-26,5217,5305.2,5163.2,5215,127431,135321,0
2024-02-27,5188,5391.8,5181.2,5386,130656,133768,0
2024-02-28,5400,5464,5100,5117.6,190365,142224,0
2024-02-29,5108,5341.2,5107.6,5333.8,166035,131842,0
2024-03-01,5335,5401.8,5287.6,5392,125193,124584,0
2024-03-04,5400,5418.6,5289,5383.4,115382,118322,0
2024-03-05,5348,5367.8,5281.2,5311.4,109655,114764,0
2024-03-06,5300.2,5418,5280.6,5345,115716,111890,0
2024-03-07,5358.2,5418,5268,5277,114576,107331,0
2024-03-08,5300.2,5381,5255.8,5348,103462,99244,0
2024-03-11,5330,5463.4,5319.8,5463,93763,90367,0
2024-03-12,5479.4,5526,5428,5488.2,103387,81801,0
2024-03-13,5494.8,5568,5465,5517.4,80318,60725,0
2024-03-14,5510,5545,5431,5487,64905,38334,0
2024-03-15,5473.6,5514.6,5457,5511,32350,15878,0
2024-03-18,5560,5642.8,5507.2,5639.6,81015,99605,0
2024-03-19,5620,5638.6,5569.2,5581.6,75764,98993,0
2024-03-20,5581,5650.8,5568,5629,81466,98770,0
2024-03-21,5652.8,5675.4,5595.4,5627,75688,96980,0
2024-03-22,5611,5630.2,5515,5558.8,95152,101676,0
2024-03-25,5553.4,5575,5420.2,5435.4,88462,98817,0
2024-03-26,5441,5468.8,5365.6,5401,98250,103399,0
2024-03-27,5390,5399.6,5215.6,5216.8,101351,101761,0
2024-03-28,5236.2,5411.8,5230.6,5349.6,120426,106816,0
2024-03-29,5353,5419,5301.2,5412,92418,96257,0
2024-04-01,5443,5557.2,5440,5541.6,77326,93833,0
2024-04-02,5531,5543.2,5462.4,5506.6,84121,93587,0
2024-04-03,5495,5504.2,5421,5475,77975,89825,0
2024-04-08,5460,5460,5341.6,5348.4,73630,90525,0
2024-04-09,5355,5438.8,5347,5431.6,74898,88348,0
2024-04-10,5418,5425,5285.4,5330,88954,92744,0
2024-04-11,5300.4,5427,5291.2,5353.8,91001,87336,0
2024-04-12,5364.4,5395,5295.2,5309,75999,80012,0
2024-04-15,5293.2,5343.2,5174.8,5262.8,106204,83623,0
2024-04-16,5240.2,5264.8,5038.2,5055,109380,72632,0
2024-04-17,5136.4,5294,5120,5289.2,89804,50301,0
2024-04-18,5267,5355.2,5221.2,5290.2,60839,31019,0
2024-04-19,5136,5192.4,5078.2,5118.8,62048,112345,0
2024-04-22,5155.4,5254,5115.2,5189.2,66495,80540,0
2024-04-23,5195,5228.2,5133.2,5151.8,60320,79334,0
2024-04-24,5178.2,5277.4,5145.8,5275.4,65511,78206,0
2024-04-25,5250,5337,5241.2,5279.2,59032,75366,0
2024-04-26,5218,5360,5218,5351.2,71576,110203,0
2024-04-29,5372,5528.6,5371.4,5510.2,73142,110557,0
2024-04-30,5510.2,5525,5432.4,5448.8,59732,106642,0
2024-05-06,5560,5597.2,5531.8,5548.6,57463,108078,0
2024-05-07,5545,5585.8,5533,5557.2,45224,106467,0
2024-05-08,5538,5538,5451,5461.2,50753,109674,0
2024-05-09,5478.8,5587,5471.8,5562.8,56400,110212,0
2024-05-10,5580,5596,5466,5503.6,67029,113824,0
2024-05-13,5451,5492.2,5389.6,5443.8,66036,116072,0
2024-05-14,5477,5528,5444,5470,59866,116594,0
2024-05-15,5460,5486,5408.2,5424,62134,121328,0
2024-05-16,5470.2,5485.4,5401.4,5415,79478,134269,0
2024-05-17,5427.8,5536,5408,5530.2,94821,142465,0
2024-05-20,5533.2,5587.4,5506.8,5539.2,76844,136278,0
2024-05-21,5520,5534.6,5445,5476.8,70134,134930,0
2024-05-22,5485,5504.2,5442,5479.6,65033,131548,0
2024-05-23,5457,5458,5325.2,5359,86122,136494,0
2024-05-24,5350,5386.4,5289,5291.2,77622,131652,0
2024-05-27,5320,5344.8,5231.8,5335.8,86544,135548,0
2024-05-28,5320,5348,5264.6,5279,76924,125679,0
2024-05-29,5286.2,5341.8,5252,5284,83508,130440,0
2024-05-30,5268,5323.8,5240.2,5291.4,87534,125533,0
2024-05-31,5313,5353.2,5308,5314,72770,120721,0
2024-06-03,5310,5314.4,5181.2,5222.4,94312,127269,0
2024-06-04,5209.8,5285,5180.8,5268.6,91299,119444,0
2024-06-05,5256.2,5288.6,5203.8,5209.6,70893,117604,0
2024-06-06,5235.4,5246,5071.4,5101.8,111388,128795,0
2024-06-07,5151,5167.8,5060.8,5115,100891,119715,0
2024-06-11,5094.4,5191.2,5048,5174,90754,116754,0
2024-06-12,5164.8,5207,5158.2,5180.6,68123,105908,0
2024-06-13,5199.8,5199.8,5134.2,5148.4,68759,103228,0
2024-06-14,5132.2,5193.8,5113,5178.8,82584,98376,0
2024-06-17,5152,5207,5142.8,5173.8,63411,86066,0
2024-06-18,5171.2,5242.6,5171.2,5230,68503,75217,0
2024-06-19,5240.6,5254,5141,5155,68614,55505,0
2024-06-20,5155.2,5172.8,5048.6,5064,55148,34529,0
2024-06-21,4990.2,5036.4,4968,4994.6,74160,95028,0
2024-06-24,4961.2,4979.8,4826,4834,88614,100237,0
2024-06-25,4852,4867.6,4767.8,4808.4,90594,102236,0
2024-06-26,4808.4,4966.2,4772.4,4954.4,108500,102894,0
2024-06-27,4936.4,4943,4818,4835,93752,99692,0
2024-06-28,4825,4951.8,4823.2,4851.4,105825,104068,0
2024-07-01,4858,4929.4,4793.2,4893.2,97193,99581,0
2024-07-02,4900,4917.4,4838,4863.8,77542,91892,0
2024-07-03,4861.2,4879,4821,4832.2,74798,92615,0
2024-07-04,4843.6,4853,4701.4,4729,86507,96368,0
2024-07-05,4728,4806.4,4680,4778.2,98420,97634,0
2024-07-08,4768.8,4769,4637,4663,88034,94241,0
2024-07-09,4656,4795.6,4626.8,4766.6,123226,105861,0
2024-07-10,4755.8,4813.6,4747.8,4758,83873,90954,0
2024-07-11,4840,4888.2,4799.6,4881.4,89853,92011,0
2024-07-12,4871,4892,4842.2,4864.2,68072,81735,0
2024-07-15,4850.2,4856.4,4790.4,4808.8,69517,78372,0
2024-07-16,4795.8,4837.4,4767,4816.6,72248,69493,0
2024-07-17,4820.2,4834.2,4771.6,4789.6,63485,51040,0
2024-07-18,4763.6,4829,4713.4,4809.2,60705,30963,0
2024-07-19,4715,4823.6,4710.8,4757,79476,83773,0
2024-07-22,4777.8,4808,4737,4766.2,62756,79680,0
2024-07-23,4776,4781.8,4624.4,4625,65738,81852,0
2024-07-24,4619.8,4649.4,4562.2,4570.2,89033,93159,0
2024-07-25,4555,4643,4542,4579.2,88909,88083,0
2024-07-26,4601.4,4679,4600.2,4664.6,83036,86687,0
2024-07-29,4679,4679,4619.2,4638.6,59453,79510,0
2024-07-30,4618.6,4685.4,4585.2,4656,74188,87209,0
2024-07-31,4660,4898.8,4648,4895,100816,92356,0
2024-08-01,4899.2,4935,4827.6,4859.4,81007,87470,0
2024-08-02,4820,4892,4781.8,4792.8,81276,87295,0
2024-08-05,4780,4852.2,4652.2,4670.6,107524,95315,0
2024-08-06,4739.4,4764.4,4673,4729.8,88344,84545,0
2024-08-07,4721,4759,4693,4719,74151,80158,0
2024-08-08,4701.2,4772,4655,4735,88332,83736,0
2024-08-09,4772,4792,4682,4687,77726,74611,0
2024-08-12,4687,4703.6,4651,4678.4,67101,69659,0
2024-08-13,4678.2,4705,4637,4689.8,68645,61666,0
2024-08-14,4690,4701,4640.6,4641.6,51499,44383,0
2024-08-15,4580,4719.4,4573.6,4637.4,118664,160619,0
2024-08-16,4649,4668.8,4602,4606.2,90140,155809,0
2024-08-19,4608,4687.4,4600.2,4622.8,80063,155221,0
2024-08-20,4626,4632.8,4518.2,4537,96619,155978,0
2024-08-21,4530.2,4559,4513.6,4522,72862,149045,0
2024-08-22,4528,4538.2,4456.4,4473.2,88130,156536,0
2024-08-23,4478,4494,4445.6,4475,87728,150538,0
2024-08-26,4480,4517,4458.6,4489.2,77864,148292,0
2024-08-27,4476,4480,4422.8,4442.2,77232,146087,0
2024-08-28,4433,4493.8,4421.2,4450.2,82253,146868,0
2024-08-29,4434.6,4553.6,4432,4527.4,113326,153849,0
2024-08-30,4527.6,4697.6,4525.2,4621,142796,155302,0
2024-09-02,4612,4634.8,4508.8,4515.6,89892,142020,0
2024-09-03,4524,4592.8,4514,4547.4,95410,140430,0
2024-09-04,4530,4587,4507,4536.2,95403,134704,0
2024-09-05,4544.6,4611.4,4544.6,4577.2,88060,131885,0
2024-09-06,4595,4597.4,4482,4497.2,90398,127548,0
2024-09-09,4487.2,4518.6,4445.2,4457.4,85871,125870,0
2024-09-10,4471,4502.4,4378.8,4473.6,116746,129541,0
2024-09-11,4460,4494.4,4439,4474.8,86309,111092,0
2024-09-12,4484,4545,4461.6,4468.4,86856,106827,0
2024-09-13,4475,4478.6,4414.2,4416.8,80427,94210,0
2024-09-18,4413,4423,4337.4,4405,90715,75838,0
2024-09-19,4422.2,4543.2,4380,4487.4,92123,42680,0
2024-09-20,4483,4493,4437,4447.8,35454,17785,0
2024-09-23,4415.2,4497.8,4402.4,4437,78245,101314,0
2024-09-24,4496,4656.8,4438.2,4653.2,156875,127361,0
2024-09-25,4710,4802.8,4672.6,4680,130643,110238,0
2024-09-26,4671.4,4940,4662.4,4937.4,152942,119316,0
2024-09-27,5022,5362.6,4954.4,5362.2,212983,109667,0
2024-09-30,5521,5813.4,5392.6,5813.4,180916,102683,0
2024-10-08,6381.2,6381.2,5906,6219.8,211253,102649,0
2024-10-09,6050,6129.6,5679,5749.8,236928,113905,0
2024-10-10,5860,5934.6,5629.6,5664,199403,109601,0
2024-10-11,5630.2,5650,5345,5423,181571,106392,0
2024-10-14,5460,5638.6,5337.6,5613,166111,94623,0
2024-10-15,5555,5708.6,5481,5481.4,145218,85180,0
2024-10-16,5438.4,5620,5425,5527.2,126998,67735,0
2024-10-17,5588,5634.4,5489.2,5490,91036,41237,0
2024-10-18,5455,5989.8,5430,5728,237911,154527,0
2024-10-21,5780,5944,5750.4,5822.6,164469,156900,0
2024-10-22,5817,5896,5764,5850.6,144065,152874,0
2024-10-23,5828,5976,5811.2,5866.2,163299,160776,0
2024-10-24,5840,5861,5775.6,5832,128380,152667,0
2024-10-25,5855.8,6001.8,5843.4,5979.4,171776,164952,0
2024-10-28,5981.4,6050.8,5931,6044,129514,156470,0
2024-10-29,6075,6087.4,5931.2,5951,158353,169197,0
2024-10-30,5936,6009.6,5890.8,5975,152202,160642,0
2024-10-31,5988.2,6133,5950,6063.6,194052,174387,0
2024-11-01,6048,6063.8,5874,5890,186128,168205,0
2024-11-04,5881.2,6040.2,5881.2,6035.8,137701,165746,0
2024-11-05,6019.4,6293.4,6011,6261.4,198361,176878,0
2024-11-06,6267,6348.8,6201,6268.2,203102,175401,0
2024-11-07,6225.2,6397.8,6222.4,6389,165755,168295,0
2024-11-08,6440,6507,6349.2,6381.8,188440,178466,0
2024-11-11,6359,6522.2,6342.4,6490.4,164466,172711,0
2024-11-12,6500,6538,6362.8,6407.8,176924,178522,0
2024-11-13,6387.6,6436.2,6303.2,6397.4,181560,179774,0
2024-11-14,6381,6396.8,6221,6239.6,182534,192409,0
2024-11-15,6260,6306.2,6095,6103,218880,199783,0
2024-11-18,6141.2,6144,5901.4,5954.2,217824,200461,0
2024-11-19,5979,6101.4,5931,6093,220087,196641,0
2024-11-20,6080,6208.8,6070.6,6190.8,200989,191596,0
2024-11-21,6180,6224,6125,6187.2,181881,187022,0
2024-11-22,6173,6209.6,5943,5951.2,197788,189155,0
2024-11-25,5973.2,5995.8,5882.2,5992.8,202233,193159,0
2024-11-26,5980.2,6033.4,5887,5914,190017,185010,0
2024-11-27,5886.2,6095.4,5801,6086.8,244628,197311,0
2024-11-28,6091,6126.8,6011.4,6036.8,186048,176294,0
2024-11-29,6030,6225.8,5988.2,6156,235635,189378,0
2024-12-02,6156.2,6307,6150.2,6266.8,182864,173067,0
2024-12-03,6272.2,6324.2,6193.2,6265.4,180768,172505,0
2024-12-04,6265.2,6270,6131.2,6171.8,176184,166822,0
2024-12-05,6155.8,6281.8,6153.2,6255.6,169624,161405,0
2024-12-06,6263.2,6370.2,6175.2,6333.6,203792,167060,0
2024-12-09,6323.8,6354.6,6218.2,6264,147628,150504,0
2024-12-10,6500,6538,6330.2,6358.2,188885,157277,0
2024-12-11,6356.8,6452.8,6356.6,6430.2,146971,141428,0
2024-12-12,6432.2,6498,6376.6,6477.8,144410,134954,0
2024-12-13,6419,6442.8,6327.8,6359,164655,131621,0
2024-12-16,6361,6364.8,6242.4,6263.4,115176,113214,0
2024-12-17,6249.8,6267.2,6138,6143.6,144996,113630,0
2024-12-18,6169.8,6243,6126,6189.8,116069,81088,0
2024-12-19,6131.8,6231.6,6096,6218,96333,52443,0
2024-12-20,6217.8,6313,6196,6278.4,44472,20516,0
2024-12-23,6142,6144,5982.8,5987,110939,154200,0
2024-12-24,6010,6058.2,5966.4,6053.4,122818,152273,0
2024-12-25,6034,6045,5944.2,6001.8,122978,155470,0
2024-12-26,6000,6083.6,5996,6052.8,94903,146619,0
2024-12-27,6059,6155,6018,6067.4,116992,155250,0
2024-12-30,6061,6100,6008,6057.8,111379,153147,0
2024-12-31,6070,6081.6,5847,5848.6,137741,164962,0
2025-01-02,5850.2,5887.8,5638,5699.4,166462,168141,0
2025-01-03,5721,5727,5529,5553.4,176952,172211,0
2025-01-06,5550.8,5606.8,5490.8,5527.2,151560,168619,0
2025-01-07,5536,5608.6,5496.2,5599,140353,166007,0
2025-01-08,5570,5622,5402.6,5565.4,200605,180375,0
2025-01-09,5540.2,5615,5539.2,5561.2,127718,167449,0
2025-01-10,5559,5630,5452,5456,166760,178339,0
2025-01-13,5429.6,5525,5381,5480.8,159240,175491,0
2025-01-14,5511,5752,5477,5747.6,211844,187451,0
2025-01-15,5733,5745,5673.6,5702.4,139200,176033,0
2025-01-16,5733.8,5852.6,5677,5720.4,193605,194476,0
2025-01-17,5703,5832,5686,5778,196360,188890,0
2025-01-20,5820,5885,5797.4,5816.4,156432,185989,0
2025-01-21,5855,5872.8,5766,5845.6,159114,186188,0
2025-01-22,5817,5829,5751,5806.6,144804,182051,0
2025-01-23,5859,5961.8,5775,5776.2,206009,196866,0
2025-01-24,5776.8,5926.4,5776.8,5920,181477,182907,0
2025-01-27,5948.4,5954,5786,5790.6,150049,178993,0
2025-02-05,5861,5904,5796,5832.2,148296,180250,0
2025-02-06,5828.8,6012,5797,5988.6,174807,189866,0
2025-02-07,5996.8,6176,5988,6095.4,221664,197152,0
2025-02-10,6115,6169.8,6083,6143.6,150283,180572,0
2025-02-11,6139,6156,6077,6133.2,137719,179091,0
2025-02-12,6123.4,6227.8,6119.4,6223,170775,189977,0
2025-02-13,6217,6226,6155,6175,173716,187814,0
2025-02-14,6178,6219.8,6132,6205.2,165277,187975,0
2025-02-17,6241,6259.8,6168.4,6219.2,164701,187072,0
2025-02-18,6206.6,6236,6065.6,6110.2,194221,199394,0
2025-02-19,6107,6247.8,6099.6,6240,184332,197244,0
2025-02-20,6231.8,6291.8,6206,6254.4,167649,198815,0
2025-02-21,6274.8,6423,6246,6399,201141,206363,0
2025-02-24,6380,6409.8,6327.8,6366.6,172390,195891,0
2025-02-25,6309.4,6405.2,6292,6355.4,180068,195526,0
2025-02-26,6376.6,6465,6322.2,6420.8,212290,201621,0
2025-02-27,6412.6,6453.6,6324.6,6415,208253,194417,0
2025-02-28,6387.8,6397,6208,6230.4,216120,198135,0
2025-03-03,6250,6324.6,6196.4,6215.4,192032,187317,0
2025-03-04,6184.8,6306,6169,6279.2,179630,184657,0
2025-03-05,6285,6329.8,6233.2,6313,182519,181491,0
2025-03-06,6352.8,6504.4,6352.2,6475.8,187916,179624,0
2025-03-07,6455,6500,6417.8,6452.8,165679,169906,0
2025-03-10,6458,6476.2,6373.6,6427.4,154299,162826,0
2025-03-11,6371,6491,6365,6490,170671,165483,0
2025-03-12,6525,6587,6482.2,6513.8,165499,161880,0
2025-03-13,6507,6520.6,6360.2,6426,189598,165394,0
2025-03-14,6428.4,6568,6389.2,6562.8,190307,148876,0
2025-03-17,6563,6573,6523.2,6543.4,117429,127485,0
2025-03-18,6566.8,6634.4,6555.6,6577,113170,120484,0
2025-03-19,6560,6584,6506,6550,115152,98474,0
2025-03-20,6326,6359.8,6280,6307.2,81351,130145,0
2025-03-21,6285,6305.4,6144.6,6177.4,134047,155030,0
2025-03-24,6186.4,6189.4,6063,6142.8,139956,158394,0
2025-03-25,6132.6,6167,6069.2,6115.6,138822,161637,0
2025-03-26,6118,6185,6113,6129.4,123686,155502,0
2025-03-27,6118.4,6202.2,6044,6143.4,151417,167954,0
2025-03-28,6149,6180,6066.2,6078.4,136714,159759,0
2025-03-31,6050.4,6092,5979.8,6049,159321,175574,0
2025-04-01,6068.8,6117.6,6059.2,6064.2,117820,159238,0
2025-04-02,6072.2,6141,6063,6100,106534,161702,0
2025-04-03,6069.8,6134.8,6000.4,6031.8,170579,180839,0
2025-04-07,5749,5838.8,5432.6,5432.6,194726,166036,0
2025-04-08,5500,5500.2,5202,5313.6,277947,191362,0
2025-04-09,5202.2,5488,5053.2,5429.6,307215,184548,0
2025-04-10,5550.4,5701.2,5549,5578.2,222566,174420,0
2025-04-11,5555,5746.6,5545,5672.2,192909,173299,0
2025-04-14,5733,5769.8,5690,5693,133293,162218,0
2025-04-15,5689.8,5722,5637,5680.4,126870,164742,0
2025-04-16,5660,5667.8,5554.6,5603,156339,171071,0
2025-04-17,5588,5715,5578,5653.8,156019,168300,0
2025-04-18,5649,5699,5593.8,5642,150566,168687,0
2025-04-21,5627.6,5783,5603.6,5770,137318,166314,0
2025-04-22,5770.2,5802.8,5732.2,5769.6,130317,163968,0
2025-04-23,5840,5873.2,5791.8,5820,146296,166689,0
2025-04-24,5805,5823,5730.8,5767.4,135094,163863,0
2025-04-25,5788,5840,5744,5786.6,147686,167733,0
2025-04-28,5780,5794.6,5700,5729,120927,159258,0
2025-04-29,5719,5787.6,5700,5773.6,116166,159461,0
2025-04-30,5785,5833,5775,5801.4,108819,153214,0
2025-05-06,5855,5955,5852,5953.2,107389,160100,0
2025-05-07,6015,6090,5920.4,5955.2,158085,174521,0
2025-05-08,5945,6042.8,5945,6018.8,125065,165679,0
2025-05-09,6012.8,6012.8,5911.6,5945.2,124744,165673,0
2025-05-12,6002,6039,5975.2,6037,134023,170704,0
2025-05-13,6075.4,6079.6,5981,5996.6,132408,170058,0
2025-05-14,6010.2,6101.8,5973.6,6043,189515,196475,0
2025-05-15,6026.2,6029.8,5924.4,5949,155023,187025,0
2025-05-16,5939.2,5992.2,5933.2,5933.8,131868,188635,0
2025-05-19,5940,5976.8,5870.2,5975.4,140984,192261,0
2025-05-20,5984,6028,5943,6019.4,124540,184920,0
2025-05-21,6009,6018,5974,6000.6,111291,180860,0
2025-05-22,5986,6037.8,5930,5950,148619,195203,0
2025-05-23,5949,5998,5871,5872,167101,194014,0
2025-05-26,5880,5941.4,5871,5925,133893,181503,0
2025-05-27,5918,5936,5861.2,5915,140778,186517,0
2025-05-28,5925,5944.8,5873.6,5899,120232,175258,0
2025-05-29,5914.8,6031.4,5906,6031,166397,187832,0
2025-05-30,6001.2,6004.2,5932,5966,130165,168201,0
2025-06-03,5951,6027,5940.8,5998,112727,169461,0
2025-06-04,6007.6,6067,5992,6054,100779,161713,0
2025-06-05,6060,6119,6030,6101.6,118336,166975,0
2025-06-06,6095,6114.6,6077.2,6100.2,88977,154557,0
2025-06-09,6120,6191.2,6108,6167.8,105988,156512,0
2025-06-10,6170,6174,6062,6113.8,132573,158926,0
2025-06-11,6124.6,6196.6,6122.4,6144,112327,144803,0
2025-06-12,6122.6,6174.6,6103.2,6156.8,99982,142864,0
2025-06-13,6127,6149.8,6060,6084.2,119917,141736,0
2025-06-16,6063.8,6142,6063.8,6127.4,96721,124057,0
2025-06-17,6135,6150,6100,6130,97198,112030,0
2025-06-18,6125,6139.8,6078.8,6124.2,87763,88005,0
2025-06-19,5854.6,5878.2,5783.6,5806,80368,136839,0
2025-06-20,5812,5826,5780.4,5787.8,84705,146127,0
2025-06-23,5770,5866.8,5765,5851.2,99867,153037,0
2025-06-24,5869,6003.4,5866.8,5995,120129,156132,0
2025-06-25,5995,6133,5994.8,6119.6,139775,170051,0
2025-06-26,6105,6147.8,6090.6,6097.8,106191,161694,0
2025-06-27,6120,6174.4,6100.6,6110.8,113010,167757,0
2025-06-30,6140.4,6173.6,6119,6148.6,94541,158728,0
2025-07-01,6143,6150,6076.2,6133.4,103226,164955,0
2025-07-02,6130,6131.8,6080,6117,93428,159237,0
2025-07-03,6127.2,6161,6098.4,6135.8,95917,161580,0
2025-07-04,6130,6184.2,6084.2,6112.2,151899,177599,0
2025-07-07,6100,6130,6095.2,6111.6,80166,160866,0
2025-07-08,6114.2,6237,6102,6235.8,128815,176309,0
2025-07-09,6240,6249.8,6208.2,6214,94223,161900,0
2025-07-10,6214,6265,6200.8,6231.6,98260,169266,0
2025-07-11,6240.2,6360,6211.4,6319.8,147131,181506,0
2025-07-14,6326,6329.8,6293,6302.2,71184,168013,0
2025-07-15,6298,6335.4,6229,6277.4,120268,181672,0
2025-07-16,6288,6355,6270.2,6298,113703,172288,0
2025-07-17,6295,6391.6,6288.2,6390.4,109376,177468,0
2025-07-18,6406,6437,6372.8,6413.6,104691,175267,0
2025-07-21,6440,6503.2,6430.2,6463.2,106976,178934,0
2025-07-22,6463.2,6518,6451.2,6515.4,118700,178632,0
2025-07-23,6521.2,6561.4,6474.2,6500,131364,182055,0
2025-07-24,6492,6626.2,6491.2,6618.6,124051,181457,0
2025-07-25,6619,6619,6567,6605.8,98231,172911,0
2025-07-28,6608.6,6645,6560,6602,116079,180433,0
2025-07-29,6583,6664.2,6546.6,6662,116403,174556,0
2025-07-30,6640,6658,6556,6604.2,144840,185002,0
2025-07-31,6589,6634,6497.2,6538,167548,183162,0
2025-08-01,6554.6,6594.6,6507,6542.8,133160,176823,0
2025-08-04,6528,6644,6512.2,6642.6,119420,177500,0
2025-08-05,6658,6685,6631,6682,95602,172540,0
2025-08-06,6674,6785,6668,6762.6,106338,178409,0
2025-08-07,6768.8,6794.6,6711,6750,119420,179795,0
2025-08-08,6740,6760.8,6705.4,6735,98835,173187,0
2025-08-11,6759.8,6888,6756.2,6851.2,124872,189312,0
2025-08-12,6852.2,6891.8,6824.2,6883.6,104433,182508,0
2025-08-13,6900.8,7016,6898.2,7001.8,138415,204738,0
2025-08-14,7015,7027.8,6893,6929.2,159795,203734,0
2025-08-15,6929,7086.8,6918,7086.2,163237,218372,0
2025-08-18,7124,7259.8,7093.4,7184.4,187694,220587,0
2025-08-19,7184.4,7235,7155.6,7177.4,152295,209342,0
2025-08-20,7147.4,7283,7087.4,7276,196109,217300,0
2025-08-21,7295,7312,7156.2,7202.2,190536,206583,0
2025-08-22,7210,7349.8,7210,7348.6,186931,207428,0
2025-08-25,7400,7495.4,7362,7412.2,202867,207228,0
2025-08-26,7391.4,7486.8,7381.4,7415.4,160158,195804,0
2025-08-27,7440,7511.6,7275.8,7287.2,213890,202540,0
2025-08-28,7310,7385,7160.2,7363.2,244649,206940,0
2025-08-29,7357.8,7419.8,7280,7366.6,214055,189297,0
2025-09-01,7400,7445.8,7329.4,7380.6,163079,180779,0
2025-09-02,7383.2,7393.8,7182.4,7251.4,218061,193312,0
2025-09-03,7283.2,7295.6,7110.4,7142.6,213250,190793,0
2025-09-04,7168,7205,6910,7003,239398,189144,0
2025-09-05,7021.4,7234.8,6997.6,7226,183966,171258,0
2025-09-08,7221,7278.6,7163.4,7236,153548,159428,0
2025-09-09,7215,7263,7117.2,7165.8,150382,155328,0
2025-09-10,7176.8,7268.8,7138,7151,161976,154502,0
2025-09-11,7144,7391.8,7090,7387.8,181199,147845,0
2025-09-12,7387,7448,7366,7392.8,134399,135337,0
2025-09-15,7420,7429.8,7365,7368.6,107983,116294,0
2025-09-16,7172.2,7256.2,7103,7242.4,85404,149063,0
2025-09-17,7248,7346,7212.2,7331.6,101376,158963,0
2025-09-18,7313.8,7458.8,7131.6,7213.4,197746,190972,0
2025-09-19,7224,7275,7135,7190.8,172454,193659,0
2025-09-22,7209,7238,7144,7230.2,134489,186980,0
2025-09-23,7236.8,7244.8,6995.6,7127,203839,206634,0
2025-09-24,7100,7313.8,7087,7303.2,185454,192420,0
2025-09-25,7290,7342,7251.8,7281.8,135475,183767,0
2025-09-26,7260,7306,7173,7189.2,155277,192544,0
2025-09-29,7205,7374.4,7158.8,7337.4,178532,191754,0
2025-09-30,7360,7434.4,7347.4,7406.2,135231,183522,0
2025-10-09,7444,7519,7413,7449.6,131436,182161,0
2025-10-10,7415,7434,7327,7340.4,140881,183267,0
2025-10-13,7156,7333,7141.2,7305.8,169889,190790,0
2025-10-14,7360,7404,7100,7145.8,200096,194043,0
2025-10-15,7194.8,7305,7128,7275.2,178569,191595,0
2025-10-16,7255,7269.8,7161.2,7205,153865,185185,0
2025-10-17,7204.8,7238,7002.2,7020.8,173725,199348,0
2025-10-20,7100,7150.8,7028.4,7059.2,143577,189654,0
2025-10-21,7099,7228.6,7083,7182.8,151318,190486,0
2025-10-22,7165.2,7201.2,7117.2,7163.2,120919,180451,0
2025-10-23,7149,7186.4,7014.4,7179,172781,201566,0
2025-10-24,7210,7298,7194.4,7298,147894,183485,0
2025-10-27,7378,7395.6,7300.2,7322.6,137585,187588,0
2025-10-28,7315,7416.8,7301.2,7335.6,141946,186154,0
2025-10-29,7356,7450,7330.8,7446.4,124145,180653,0
2025-10-30,7429.8,7444,7328,7364.4,162104,190757,0
2025-10-31,7380,7479,7363,7368.2,164443,186908,0
2025-11-03,7384.8,7411,7275,7398,149911,185243,0
2025-11-04,7384.8,7389,7215.4,7284.4,150525,184001,0
2025-11-05,7204.4,7355,7200.4,7310.8,159917,189571,0
2025-11-06,7321.6,7418,7300,7405,138409,176903,0
2025-11-07,7380.2,7443.8,7340,7412,127587,180439,0
2025-11-10,7459,7477.4,7368.2,7421,128195,179090,0
2025-11-11,7442.8,7484,7375,7390.4,122556,179084,0
2025-11-12,7387.8,7417,7293,7369.8,159312,193160,0
2025-11-13,7357,7487.8,7337.6,7478.4,140471,183744,0
2025-11-14,7439,7469,7372,7372,125074,182376,0
2025-11-17,7398,7429.8,7351.2,7394.4,130158,185984,0
2025-11-18,7375.4,7399.6,7303,7351.8,142162,189585,0
2025-11-19,7365,7388.4,7252.2,7298.2,149890,201080,0
2025-11-20,7348,7358.4,7246.8,7263.6,140822,205865,0
2025-11-21,7213.8,7234,7012,7018.2,215750,244705,0
2025-11-24,7056.2,7132.4,7008.8,7095.2,160312,220648,0
2025-11-25,7136.2,7250,7136.2,7172,152757,211318,0
2025-11-26,7172,7245,7152,7176.2,125795,202891,0
2025-11-27,7182.4,7264,7167.6,7179,130117,203626,0
2025-11-28,7190,7261.6,7161.2,7260.8,125415,199411,0
2025-12-01,7278.6,7328.4,7256.4,7290,107661,189019,0
2025-12-02,7286,7286,7220,7239.6,96449,181453,0
2025-12-03,7247.2,7265,7170.6,7195.4,118632,193074,0
2025-12-04,7203,7224,7137.2,7213.4,116454,181088,0
2025-12-05,7210,7323.8,7145.6,7319.8,146937,189203,0
2025-12-08,7332,7409.6,7332,7380.4,104973,168647,0
2025-12-09,7368,7406,7343,7347.8,86997,164945,0
2025-12-10,7340.8,7390.2,7295,7371.4,108100,163906,0
2025-12-11,7390.2,7399.8,7298.2,7304.6,114206,152560,0
2025-12-12,7327,7385,7279,7361.8,126483,149811,0
2025-12-15,7320,7369.8,7296,7308,104015,126463,0
2025-12-16,7060.2,7061.6,6915,6960.2,73872,147063,0
2025-12-17,6963.4,7098,6926.6,7074,97791,159672,0
2025-12-18,7041,7130,7032.6,7066,87621,166683,0
2025-12-19,7100,7177,7075,7141.8,103313,179118,0
2025-12-22,7180,7253.8,7169.8,7203.6,86037,175023,0
2025-12-23,7221,7247.8,7177.6,7197.4,87825,176419,0
2025-12-24,7200,7351.6,7193,7327.6,113077,185869,0
2025-12-25,7323.2,7443.8,7305.2,7419,101700,183127,0
2025-12-26,7420.4,7526,7420.4,7472.4,125247,194890,0
2025-12-29,7474.2,7499,7413.8,7439,95430,182605,0
2025-12-30,7422.4,7502,7410.2,7459.2,100572,189970,0
2025-12-31,7469.8,7475.8,7406,7436.2,93696,181081,0
2026-01-05,7491.6,7641,7462.2,7639,103703,189842,0
2026-01-06,7650,7763.8,7644.6,7762.4,114127,192848,0
2026-01-07,7778.2,7795.8,7730,7760.2,104271,189188,0
2026-01-08,7740.8,7863.8,7739,7820.6,118672,193230,0
2026-01-09,7815,8049.4,7815,8048.4,149124,203815,0
2026-01-12,8131,8346,8056.2,8311.4,172951,208444,0
2026-01-13,8324.8,8335,8115,8160.4,178731,207812,0
2026-01-14,8200,8419,8060,8156,225371,212359,0
2026-01-15,8105.6,8207.4,8082,8195.4,148081,203295,0
2026-01-16,8250,8283.8,8115,8179.2,141207,201001,0
2026-01-19,8158,8275,8121.6,8186.6,123630,195201,0
2026-01-20,8207,8247.4,8016.8,8120.8,150527,198773,0
2026-01-21,8100,8252.8,8071,8231,133027,192142,0
2026-01-22,8260,8302.6,8218,8292.6,104669,186587,0
2026-01-23,8336.6,8518.2,8301.4,8516.6,128628,195577,0
2026-01-26,8541.8,8568,8238,8289.2,160156,191679,0
2026-01-27,8269,8393.8,8122,8357.2,158438,191923,0
2026-01-28,8380,8412,8284,8377.8,114744,180338,0
2026-01-29,8357.6,8479.8,8280,8329,147818,196369,0
2026-01-30,8302,8344.8,8050,8260.6,167342,191798,0
2026-02-02,8180.2,8240,7840,7871.8,173821,194848,0
2026-02-03,8019,8215.2,7975.2,8183,150161,189544,0
2026-02-04,8159.4,8213,8050.2,8203.4,136596,186743,0
2026-02-05,8140.8,8144,7969.4,8039.8,142554,186934,0
2026-02-06,7900.2,8154.4,7880.8,7990.8,147053,187915,0
2026-02-09,8155,8237.6,8120.4,8232.6,112370,179169,0
2026-02-10,8235,8258.4,8182,8229,82316,175231,0
2026-02-11,8229,8307.6,8227.4,8241,81851,180217,0
2026-02-12,8250.4,8351.8,8205,8338,96452,187061,0
2026-02-13,8288,8316.8,8161,8189,114424,185460,0
2026-02-24,8307.8,8365,8227.2,8271,105984,188594,0
2026-02-25,8300,8441,8300,8405.6,111192,188683,0
2026-02-26,8425,8458.6,8365.6,8443.4,97454,176096,0
2026-02-27,8400.2,8538.8,8391,8531.4,100970,177180,0
2026-03-02,8480,8514.6,8338,8423.8,142245,181019,0
2026-03-03,8445,8479.4,8105.6,8129.4,179978,185852,0
2026-03-04,8076.2,8225.2,8037.2,8064.2,155033,179738,0
2026-03-05,8190,8214,8060.6,8130,136165,166348,0
2026-03-06,8101,8249.4,8082.2,8211.8,109207,153991,0
2026-03-09,8064,8214,7850,8191,168105,168610,0
2026-03-10,8274,8326.2,8225,8313.6,108844,140221,0
2026-03-11,8308.2,8368,8290,8313,89616,133840,0
2026-03-12,8297,8344.2,8211,8277.2,105033,131145,0
2026-03-13,8024,8097,7938,7951.2,55967,135250,0
2026-03-16,7963.8,7974.4,7814,7952.8,66103,144888,0
2026-03-17,7970,7988.8,7760.8,7770.8,78237,151508,0
2026-03-18,7815,7874,7740.2,7844.6,92768,168828,0
2026-03-19,7760,7786.6,7617.4,7681,126183,185709,0
2026-03-20,7750,7782,7557,7560,152013,199728,0
2026-03-23,7459.8,7518.6,7120.2,7190,197317,213893,0
2026-03-24,7286,7402,7153.8,7387.2,182407,208156,0
2026-03-25,7454.8,7589,7446.6,7477.4,139630,194128,0
2026-03-26,7463.8,7534,7363.6,7375.6,121731,197017,0
2026-03-27,7301,7562.4,7301,7523.8,142109,198341,0
2026-03-30,7445,7528,7323,7509.4,146546,199034,0
2026-03-31,7509,7550,7364,7379.4,146234,201094,0
2026-04-01,7530,7567.6,7456.6,7518.6,133854,196543,0
2026-04-02,7460,7510,7311.2,7371.6,133318,204065,0
2026-04-03,7411.2,7418,7280.2,7309.4,131935,200101,0
2026-04-07,7344.2,7437.8,7332.8,7376.6,113811,193891,0
2026-04-08,7560,7782,7560,7778,142337,202176,0
2026-04-09,7710,7757.6,7680.2,7709.4,102250,191098,0
2026-04-10,7775,7869.6,7761,7785.8,116023,197340,0
2026-04-13,7758,7829.8,7751,7795.6,96412,188693,0
2026-04-14,7872,7918,7821.8,7913,119386,198017,0
2026-04-15,7960,7982,7895.2,7904.6,106521,190136,0
2026-04-16,7941.6,8072.2,7923.6,8052.2,114952,201376,0
2026-04-17,8030.2,8165.8,8020,8132,116651,199118,0
2026-04-20,8130,8223.8,8102.6,8159.2,101568,197522,0
2026-04-21,8140,8185.8,8092,8170,98498,193709,0
2026-04-22,8141,8326.4,8141,8322.8,115334,202394,0
2026-04-23,8330,8337,8144.8,8219.2,150090,209404,0
2026-04-24,8208,8232,8115.6,8163,143941,209086,0
2026-04-27,8181.4,8239,8126.8,8199.2,104876,201381,0
2026-04-28,8170,8195,8056,8103.6,125973,208766,0
2026-04-29,8085.2,8271,8070,8246,122459,205283,0
2026-04-30,8255.4,8292,8211.8,8279.2,100591,201984,0
2026-05-06,8398,8553,8381,8461.6,125707,209410,0
2026-05-07,8499.8,8639.6,8491,8627.6,105701,203897,0
2026-05-08,8590,8670,8568.2,8642.2,104560,202338,0
2026-05-11,8720,8794.8,8655.8,8723,132269,213675,0
2026-05-12,8730,8739.2,8644.2,8701.8,118147,202384,0
2026-05-13,8673.6,8877.4,8666,8870.6,140651,222170,0
2026-05-14,8891.4,8908.8,8685.2,8689.8,183972,227104,0
2026-05-15,8710,8758.2,8505.6,8582.6,225763,244556,0
2026-05-18,8563,8697.8,8532.2,8632.6,163728,232393,0
2026-05-19,8610,8721.6,8511,8718.6,178213,239001,0
2026-05-20,8692.2,8717.2,8581,8705,170932,222868,0
2026-05-21,8765,8814.2,8426.2,8438.2,217179,233286,0
2026-05-22,8509.8,8651.2,8459,8589.8,189189,229122,0
2026-05-25,8670,8691.4,8570.4,8661.4,158385,214502,0
2026-05-26,8645,8645,8462.6,8596,181186,220892,0
2026-05-27,8613,8664.8,8388,8441.2,189151,212514,0
2026-05-28,8448,8571.6,8367,8524.4,189036,215868,0
2026-05-29,8574,8589.8,8291.6,8344.8,207672,215444,0
2026-06-01,8355,8450,8294.2,8305.8,185978,219745,0
2026-06-02,8343.8,8395,8190,8324.6,175916,210218,0
2026-06-03,8330.2,8493.4,8300.4,8368.4,172909,201325,0
2026-06-04,8320,8400,8306.4,8354.8,131965,191874,0
2026-06-05,8305,8444.6,8240,8291.8,181451,200773,0
2026-06-08,8117.8,8222,7962,8072.8,200287,201883,0
2026-06-09,8120,8261.6,8065,8233.4,160340,177843,0
2026-06-10,8190,8214.8,8053,8162.2,154308,177936,0
2026-06-11,8145,8194.4,8048,8126.4,149516,171821,0
2026-06-12,8250,8323.8,8165.2,8196.8,146950,158171,0
2026-06-15,8050,8245.6,8049.6,8244.6,85423,167732,0
2026-06-16,8234.4,8390.4,8215,8349,89065,177643,0
2026-06-17,8330,8446.8,8320,8445,91903,188057,0
2026-06-18,8430,8533.2,8416,8510,114746,204527,0
2026-06-22,8546,8558,8367,8524.2,158991,221871,0
2026-06-23,8501.8,8535,8339.2,8403,169243,221704,0
2026-06-24,8413.2,8520,8344.6,8472.4,144567,214962,0
2026-06-25,8498,8562,8430,8523.8,144932,216470,0
2026-06-26,8480,8490.2,8260.2,8319.2,174428,220480,0
2026-06-29,8335,8393,8145.2,8308.6,171721,220381,0
2026-06-30,8300,8518.8,8270,8504.2,146627,210892,0
2026-07-01,8500,8629,8480,8517.6,168136,219809,0
2026-07-02,8475.4,8556,8344,8370.2,178178,215598,0
2026-07-03,8401,8475,8337.8,8373,152704,212690,0
2026-07-06,8403,8419.8,8213,8265,151626,215188,0
2026-07-07,8235,8274.2,8068.8,8115.2,150751,220115,0
2026-07-08,8140.2,8149.8,7965,7974,167678,232092,0
2026-07-09,8034.8,8140.2,7868.2,8127.4,195417,239360,0
2026-07-10,8140.2,8244.8,8016,8019.4,171301,231960,0
2026-07-13,7995,8029.8,7651,7684.4,200999,247724,0
2026-07-14,7720,7810.6,7580,7788,217776,250166,0
2026-07-15,7838,7846,7661.4,7723.2,174869,243227,0
2026-07-16,7648.6,7750.2,7511,7552.6,192392,256306,0
2026-07-17,7520,7534.6,7018.8,7065.2,282694,273252,0
2026-07-20,7165.2,7237,6652.2,6849.8,313762,274654,0
2026-07-21,6920,7175.8,6641.8,7164.4,294238,269678,0
2026-07-22,7148,7194.6,6985.8,7028.8,231584,255044,0
2026-07-23,7061,7159.6,7000.6,7071.6,186983,250139,0
2026-07-24,7000,7054.8,6866,6880.2,207512,253150,0
2026-07-27,6880.4,7155,6880.4,7148.8,218451,256192,0
2026-07-28,7020,7075.6,6888.8,6943.2,201223,245782,0
2026-07-29,6966,7081,6825,7047.2,264111,270906,0
2026-07-30,7033.4,7088,6757.6,6845.2,260301,262964,0
2026-07-31,7110,7205,6986,6987.8,234697,260164,0
2026-08-03,7000,7064.2,6976,7023.4,144370,248782,0
2026-08-04,7073.2,7269.8,7057.8,7211.4,174207,255909,0
2026-08-05,7206.4,7466,7201.6,7433.8,182820,252228,0
2026-08-06,7377,7477,7352,7451.8,171996,246184,0
2026-08-07,7450,7594.2,7369,7590.6,177728,241397,0
2026-08-10,7628.8,7631.2,7525,7607.2,142720,236892,0
2026-08-11,7588,7692,7547.2,7613.2,154999,241465,0
2026-08-12,7633.2,7712.8,7600,7677.4,129080,231319,0
2026-08-13,7723,7776,7627,7634.2,151812,238326,0
2026-08-14,7670,7695,7597.6,7650.2,146100,231307,0
2026-08-17,7675,7875,7631.4,7875,153569,233965,0
2026-08-18,7861,7882.8,7725,7807,162697,232234,0
2026-08-19,7711,7734.6,7430,7468.8,208054,253524,0
2026-08-20,7550,7582.2,7482.8,7516.2,168401,246313,0
2026-08-21,7500,7575,7410,7527,170783,254020,0
2026-08-24,7534.8,7549,7308.8,7425.8,174420,254533,0
2026-08-25,7380,7509.6,7300.2,7466.4,181414,255263,0
2026-08-26,7466,7558,7395,7491.8,170411,244111,0
2026-08-27,7511,7696,7472,7686.6,168494,245325,0
2026-08-28,7680,7753.8,7652,7666.6,134286,230428,0
2026-08-31,7582,7735,7552.8,7713.6,153561,235454,0
2026-09-01,7713.4,7721,7598.4,7645,153015,223987,0
2026-09-02,7570,7575,7466.2,7540.4,158300,224278,0
2026-09-03,7595,7618.6,7476,7559.4,163322,222689,0
2026-09-04,7626.6,7689.4,7432,7468.2,167832,220708,0
2026-09-07,7527.2,7662.2,7512.6,7604,155029,209614,0
2026-09-08,7625.8,7714.6,7592.4,7633.4,147039,202762,0
2026-09-09,7671.8,7705,7575,7618.6,128222,186009,0
2026-09-10,7575,7627.8,7534,7574,120784,180503,0
2026-09-11,7480,7488.8,7259.4,7415.2,183502,192845,0
2026-09-14,7312,7483,7283.4,7470,139480,155680,0
2026-09-15,7229.6,7286,7178.4,7210.8,79189,191858,0
2026-09-16,7221.2,7399,7175,7378.4,107108,208531,0
2026-09-17,7363.2,7449.6,7306.2,7352,116908,227569,0
2026-09-18,7425,7526.2,7403.8,7505.8,139254,241345,0
2026-09-21,7549,7599,7527,7560.6,104625,239125,0
2026-09-22,7638.2,7687,7563,7580.2,121083,245547,0
2026-09-23,7600,7614.8,7572.6,7578,82939,236196,0
