factor,status,skip_reason,compute_s,h5_full_ic,h5_full_ir,h5_full_n,h5_is_ic,h5_is_ir,h5_is_n,h5_oos_ic,h5_oos_ir,h5_oos_n,h5_pass,h5_strong,h10_full_ic,h10_full_ir,h10_full_n,h10_is_ic,h10_is_ir,h10_is_n,h10_oos_ic,h10_oos_ir,h10_oos_n,h10_pass,h10_strong,h20_full_ic,h20_full_ir,h20_full_n,h20_is_ic,h20_is_ir,h20_is_n,h20_oos_ic,h20_oos_ir,h20_oos_n,h20_pass,h20_strong,in_pool,strong_tier
alpha191_001,ok,,0.02,0.0029,0.016,1620.0,-0.0089,-0.048,1206.0,0.0373,0.197,414.0,False,False,0.0023,0.012,1615.0,-0.0121,-0.065,1206.0,0.0448,0.236,409.0,False,False,-0.0001,-0.001,1605.0,-0.0054,-0.028,1206.0,0.016,0.089,399.0,False,False,False,False
alpha191_002,ok,,0.0,-0.0052,-0.018,1625.0,-0.0072,-0.025,1211.0,0.0009,0.003,414.0,False,False,-0.0024,-0.009,1620.0,-0.0024,-0.009,1211.0,-0.0025,-0.009,409.0,False,False,0.0012,0.004,1610.0,0.0007,0.003,1211.0,0.0025,0.009,399.0,False,False,False,False
alpha191_003,ok,,0.01,0.0112,0.041,1621.0,0.0058,0.022,1207.0,0.027,0.091,414.0,False,False,0.0135,0.05,1616.0,0.0072,0.028,1207.0,0.032,0.109,409.0,False,False,0.0118,0.044,1606.0,0.0036,0.014,1207.0,0.0365,0.124,399.0,False,False,False,False
alpha191_004,ok,,0.02,0.0022,0.01,1604.0,0.0106,0.049,1191.0,-0.0222,-0.103,413.0,False,False,-0.003,-0.013,1599.0,0.0001,0.0,1191.0,-0.012,-0.053,408.0,False,False,-0.0109,-0.05,1589.0,-0.0096,-0.045,1191.0,-0.0146,-0.064,398.0,False,False,False,False
alpha191_005,error,TypeError: Rolling.rank() got an unexpected keyword argument 'axis',0.0,,,,,,,,,,,,,,,,,,,,,,,,,,,,,,,,,,,
alpha191_006,ok,,0.0,-0.0031,-0.012,1619.0,-0.0009,-0.003,1205.0,-0.0097,-0.036,414.0,False,False,-0.0109,-0.04,1614.0,-0.01,-0.037,1205.0,-0.0135,-0.05,409.0,False,False,-0.0243,-0.091,1604.0,-0.0209,-0.08,1205.0,-0.0347,-0.124,399.0,True,True,True,True
alpha191_007,ok,,0.01,0.0062,0.029,1623.0,0.0065,0.03,1209.0,0.0053,0.025,414.0,False,False,0.006,0.028,1618.0,0.0054,0.025,1209.0,0.008,0.037,409.0,False,False,0.0086,0.04,1608.0,0.0071,0.033,1209.0,0.0129,0.06,399.0,False,False,False,False
alpha191_008,ok,,0.0,0.0055,0.02,1622.0,0.0007,0.003,1208.0,0.0195,0.065,414.0,False,False,0.012,0.042,1617.0,0.007,0.025,1208.0,0.0268,0.088,409.0,False,False,0.0137,0.051,1607.0,0.0072,0.028,1208.0,0.0331,0.114,399.0,False,False,False,False
alpha191_009,ok,,0.0,0.0112,0.048,1625.0,0.009,0.039,1211.0,0.0176,0.07,414.0,False,False,0.0143,0.06,1620.0,0.0138,0.06,1211.0,0.016,0.061,409.0,True,True,0.027,0.117,1610.0,0.0276,0.124,1211.0,0.0251,0.098,399.0,True,True,True,True
alpha191_010,ok,,0.0,0.0186,0.089,1588.0,0.0203,0.096,1184.0,0.0135,0.068,404.0,True,True,0.0149,0.071,1583.0,0.0153,0.072,1184.0,0.0139,0.067,399.0,True,True,0.0203,0.097,1573.0,0.0186,0.088,1184.0,0.0256,0.125,389.0,True,True,True,True
alpha191_011,ok,,0.0,0.0224,0.08,1621.0,0.0276,0.1,1207.0,0.007,0.024,414.0,True,False,0.0196,0.07,1616.0,0.0247,0.089,1207.0,0.0048,0.017,409.0,True,False,0.0245,0.088,1606.0,0.0219,0.08,1207.0,0.0323,0.112,399.0,True,True,True,True
alpha191_012,ok,,0.01,-0.0002,-0.001,1617.0,0.0115,0.046,1203.0,-0.0341,-0.126,414.0,False,False,-0.003,-0.012,1612.0,0.0089,0.036,1203.0,-0.0382,-0.145,409.0,False,False,-0.007,-0.028,1602.0,0.009,0.038,1203.0,-0.0553,-0.204,399.0,False,False,False,False
alpha191_013,ok,,0.0,-0.0199,-0.083,1626.0,-0.0195,-0.083,1212.0,-0.021,-0.083,414.0,True,True,-0.0162,-0.069,1621.0,-0.0133,-0.058,1212.0,-0.0247,-0.1,409.0,True,True,-0.0062,-0.026,1611.0,-0.0065,-0.028,1212.0,-0.0054,-0.022,399.0,False,False,True,True
alpha191_014,ok,,0.0,0.0056,0.02,1621.0,0.0,0.0,1207.0,0.0218,0.072,414.0,False,False,0.0102,0.036,1616.0,0.0061,0.022,1207.0,0.0222,0.072,409.0,False,False,0.0146,0.054,1606.0,0.0093,0.035,1207.0,0.0307,0.102,399.0,False,False,False,False
alpha191_015,ok,,0.0,-0.0111,-0.042,1625.0,-0.0146,-0.058,1211.0,-0.0009,-0.003,414.0,True,False,-0.0061,-0.023,1620.0,-0.0079,-0.031,1211.0,-0.0005,-0.002,409.0,False,False,0.0029,0.011,1610.0,0.003,0.012,1211.0,0.0028,0.009,399.0,False,False,True,False
alpha191_016,ok,,0.03,0.012,0.055,1616.0,0.0198,0.09,1202.0,-0.0107,-0.049,414.0,False,False,0.0094,0.043,1611.0,0.0159,0.072,1202.0,-0.0097,-0.047,409.0,False,False,0.0193,0.082,1601.0,0.0262,0.111,1202.0,-0.0016,-0.007,399.0,False,False,False,False
alpha191_017,ok,,0.01,0.007,0.026,1612.0,0.0115,0.044,1198.0,-0.0058,-0.02,414.0,False,False,0.0032,0.012,1607.0,0.0031,0.012,1198.0,0.0034,0.012,409.0,False,False,-0.0083,-0.032,1597.0,-0.0075,-0.03,1198.0,-0.0106,-0.038,399.0,False,False,False,False
alpha191_018,ok,,0.0,0.0071,0.022,1621.0,0.0,0.0,1207.0,0.0277,0.08,414.0,False,False,0.0137,0.042,1616.0,0.006,0.019,1207.0,0.0365,0.105,409.0,False,False,0.0239,0.073,1606.0,0.0162,0.051,1207.0,0.0473,0.133,399.0,True,True,True,True
alpha191_019,ok,,0.0,0.0141,0.042,1620.0,0.0044,0.013,1206.0,0.0426,0.119,414.0,False,False,0.018,0.055,1615.0,0.0076,0.024,1206.0,0.0487,0.138,409.0,False,False,0.0279,0.085,1605.0,0.0178,0.055,1206.0,0.0586,0.166,399.0,True,True,True,True
alpha191_020,ok,,0.0,0.0141,0.042,1620.0,0.0044,0.013,1206.0,0.0426,0.119,414.0,False,False,0.018,0.055,1615.0,0.0076,0.024,1206.0,0.0487,0.138,409.0,False,False,0.0279,0.085,1605.0,0.0178,0.055,1206.0,0.0586,0.166,399.0,True,True,True,True
alpha191_021,skip_qlib_or_missing_name,NameError: name 'rolling_slope' is not defined,0.0,,,,,,,,,,,,,,,,,,,,,,,,,,,,,,,,,,,
alpha191_022,ok,,0.0,-0.004,-0.013,1618.0,-0.0074,-0.024,1204.0,0.0061,0.018,414.0,False,False,0.0029,0.009,1613.0,-0.0017,-0.005,1204.0,0.0162,0.049,409.0,False,False,0.0189,0.06,1603.0,0.0176,0.057,1204.0,0.0225,0.069,399.0,True,True,True,True
alpha191_023,ok,,0.01,0.0293,0.097,1607.0,0.0238,0.079,1193.0,0.0452,0.148,414.0,True,True,0.0389,0.136,1602.0,0.0358,0.124,1193.0,0.0479,0.171,409.0,True,True,0.0413,0.15,1592.0,0.0396,0.143,1193.0,0.0463,0.169,399.0,True,True,True,True
alpha191_024,ok,,0.0,0.0153,0.052,1621.0,0.0066,0.023,1207.0,0.0407,0.129,414.0,False,False,0.0185,0.065,1616.0,0.0108,0.039,1207.0,0.0411,0.136,409.0,False,False,0.0223,0.082,1606.0,0.0119,0.045,1207.0,0.054,0.184,399.0,False,False,False,False
alpha191_025,ok,,0.01,-0.0092,-0.036,1476.0,0.0072,0.03,1062.0,-0.0512,-0.19,414.0,False,False,-0.0141,-0.057,1471.0,0.0053,0.022,1062.0,-0.0644,-0.252,409.0,False,False,-0.0151,-0.062,1461.0,0.0091,0.039,1062.0,-0.0794,-0.326,399.0,False,False,False,False
alpha191_026,ok,,0.01,0.0048,0.019,1422.0,0.013,0.053,1008.0,-0.0151,-0.055,414.0,False,False,0.0033,0.013,1417.0,0.0118,0.049,1008.0,-0.0176,-0.065,409.0,False,False,0.0087,0.036,1407.0,0.0215,0.092,1008.0,-0.0237,-0.095,399.0,False,False,False,False
alpha191_027,ok,,0.0,0.0159,0.045,1620.0,0.003,0.009,1206.0,0.0534,0.147,414.0,False,False,0.0209,0.061,1615.0,0.0047,0.014,1206.0,0.0687,0.196,409.0,False,False,-0.0003,-0.001,1605.0,-0.0179,-0.056,1206.0,0.0527,0.161,399.0,False,False,False,False
alpha191_028,ok,,0.01,0.0185,0.062,1618.0,0.0143,0.049,1204.0,0.0307,0.099,414.0,False,False,0.0234,0.079,1613.0,0.018,0.062,1204.0,0.0392,0.129,409.0,True,True,0.0379,0.13,1603.0,0.0307,0.109,1204.0,0.0596,0.189,399.0,True,True,True,True
alpha191_029,ok,,0.0,0.0142,0.042,1620.0,0.0045,0.014,1206.0,0.0424,0.118,414.0,False,False,0.018,0.054,1615.0,0.0075,0.023,1206.0,0.0489,0.139,409.0,False,False,0.0276,0.084,1605.0,0.0173,0.054,1206.0,0.0588,0.166,399.0,True,True,True,True
alpha191_030,skip_not_implemented,returned None (unfinished stub),0.0,,,,,,,,,,,,,,,,,,,,,,,,,,,,,,,,,,,
alpha191_031,ok,,0.0,0.0143,0.043,1615.0,0.0054,0.017,1201.0,0.0402,0.112,414.0,False,False,0.0247,0.075,1610.0,0.0127,0.039,1201.0,0.0601,0.172,409.0,False,False,0.0284,0.087,1600.0,0.0151,0.047,1201.0,0.0687,0.195,399.0,False,False,False,False
alpha191_032,ok,,0.02,-0.0142,-0.083,1621.0,-0.0162,-0.088,1207.0,-0.0083,-0.065,414.0,True,True,-0.0174,-0.096,1616.0,-0.0179,-0.093,1207.0,-0.0157,-0.117,409.0,True,True,-0.0228,-0.128,1606.0,-0.0264,-0.138,1207.0,-0.0119,-0.089,399.0,True,False,True,True
alpha191_033,skip_missing_field,KeyError: 'turn',0.0,,,,,,,,,,,,,,,,,,,,,,,,,,,,,,,,,,,
alpha191_034,ok,,0.0,-0.0143,-0.043,1615.0,-0.0054,-0.017,1201.0,-0.0402,-0.112,414.0,False,False,-0.0247,-0.075,1610.0,-0.0127,-0.039,1201.0,-0.0601,-0.172,409.0,False,False,-0.0284,-0.087,1600.0,-0.0151,-0.047,1201.0,-0.0687,-0.195,399.0,False,False,False,False
alpha191_035,ok,,0.02,0.0079,0.03,1610.0,0.0245,0.096,1196.0,-0.0401,-0.151,414.0,False,False,0.0058,0.023,1605.0,0.0258,0.101,1196.0,-0.0527,-0.208,409.0,False,False,0.0158,0.064,1595.0,0.0375,0.154,1196.0,-0.0494,-0.201,399.0,False,False,False,False
alpha191_036,ok,,0.02,-0.0061,-0.026,1620.0,-0.0037,-0.017,1206.0,-0.0131,-0.053,414.0,False,False,-0.0052,-0.023,1615.0,-0.0079,-0.036,1206.0,0.0028,0.011,409.0,False,False,-0.0187,-0.085,1605.0,-0.0167,-0.077,1206.0,-0.0248,-0.106,399.0,True,True,True,True
alpha191_037,ok,,0.01,-0.0016,-0.006,1611.0,0.0011,0.004,1197.0,-0.0092,-0.031,414.0,False,False,0.0049,0.018,1606.0,0.0119,0.046,1197.0,-0.0155,-0.054,409.0,False,False,-0.0009,-0.004,1596.0,-0.0005,-0.002,1197.0,-0.0024,-0.008,399.0,False,False,False,False
alpha191_038,ok,,0.0,0.0033,0.013,1607.0,0.0059,0.024,1193.0,-0.0041,-0.016,414.0,False,False,-0.0028,-0.011,1602.0,0.0033,0.013,1193.0,-0.0205,-0.076,409.0,False,False,-0.0055,-0.023,1592.0,-0.0006,-0.003,1193.0,-0.0199,-0.076,399.0,False,False,False,False
alpha191_039,ok,,0.02,-0.0168,-0.07,1387.0,-0.0174,-0.073,973.0,-0.0154,-0.061,414.0,True,True,-0.0231,-0.095,1382.0,-0.0231,-0.096,973.0,-0.0231,-0.094,409.0,True,True,-0.0237,-0.1,1372.0,-0.0219,-0.093,973.0,-0.0281,-0.116,399.0,True,True,True,True
alpha191_040,ok,,0.0,0.0188,0.064,1601.0,0.0084,0.029,1187.0,0.0484,0.159,414.0,False,False,0.025,0.088,1596.0,0.0127,0.045,1187.0,0.0607,0.214,409.0,False,False,0.0186,0.069,1586.0,0.007,0.026,1187.0,0.0533,0.197,399.0,False,False,False,False
alpha191_041,ok,,0.0,-0.0209,-0.076,1619.0,-0.0174,-0.065,1205.0,-0.0311,-0.105,414.0,True,True,-0.0223,-0.084,1614.0,-0.0201,-0.076,1205.0,-0.0287,-0.107,409.0,True,True,-0.0215,-0.084,1604.0,-0.0189,-0.075,1205.0,-0.0293,-0.109,399.0,True,True,True,True
alpha191_042,ok,,0.01,0.0232,0.108,1617.0,0.0293,0.143,1203.0,0.0053,0.022,414.0,True,False,0.0186,0.086,1612.0,0.0277,0.134,1203.0,-0.0084,-0.036,409.0,False,False,0.0219,0.101,1602.0,0.0378,0.185,1203.0,-0.0259,-0.106,399.0,False,False,True,False
alpha191_043,ok,,0.0,0.008,0.03,1621.0,0.0006,0.002,1207.0,0.0299,0.104,414.0,False,False,0.0046,0.017,1616.0,-0.0041,-0.016,1207.0,0.0302,0.108,409.0,False,False,0.014,0.053,1606.0,0.0039,0.015,1207.0,0.0443,0.156,399.0,False,False,False,False
alpha191_044,ok,,0.04,0.0004,0.002,1600.0,-0.0003,-0.001,1186.0,0.0024,0.01,414.0,False,False,0.0003,0.001,1595.0,-0.003,-0.013,1186.0,0.0099,0.04,409.0,False,False,0.0109,0.047,1585.0,0.0068,0.029,1186.0,0.0233,0.095,399.0,False,False,False,False
alpha191_045,ok,,0.02,-0.0238,-0.111,1463.0,-0.0216,-0.103,1049.0,-0.0293,-0.128,414.0,True,True,-0.0292,-0.139,1458.0,-0.0282,-0.136,1049.0,-0.032,-0.147,409.0,True,True,-0.0351,-0.173,1448.0,-0.031,-0.157,1049.0,-0.0459,-0.212,399.0,True,True,True,True
alpha191_046,ok,,0.01,-0.0129,-0.039,1603.0,-0.0061,-0.019,1189.0,-0.0327,-0.091,414.0,False,False,-0.0254,-0.077,1598.0,-0.0155,-0.048,1189.0,-0.0539,-0.156,409.0,False,False,-0.0257,-0.08,1588.0,-0.013,-0.042,1189.0,-0.0633,-0.183,399.0,False,False,False,False
alpha191_047,ok,,0.01,-0.033,-0.107,1621.0,-0.0231,-0.076,1207.0,-0.0619,-0.195,414.0,True,True,-0.0426,-0.144,1616.0,-0.0322,-0.109,1207.0,-0.0732,-0.248,409.0,True,True,-0.0444,-0.151,1606.0,-0.0322,-0.111,1207.0,-0.0814,-0.268,399.0,True,True,True,True
alpha191_048,ok,,0.01,0.0022,0.009,1607.0,-0.0023,-0.009,1193.0,0.0152,0.059,414.0,False,False,0.0177,0.071,1602.0,0.0101,0.041,1193.0,0.04,0.159,409.0,False,False,0.0152,0.063,1592.0,0.0048,0.02,1193.0,0.0463,0.185,399.0,False,False,False,False
alpha191_049,ok,,0.01,-0.0145,-0.048,1614.0,-0.0037,-0.012,1200.0,-0.0457,-0.146,414.0,False,False,-0.0275,-0.094,1609.0,-0.015,-0.052,1200.0,-0.0642,-0.21,409.0,False,False,-0.029,-0.099,1599.0,-0.0124,-0.044,1200.0,-0.0789,-0.246,399.0,False,False,False,False
alpha191_050,ok,,0.0,0.0149,0.049,1614.0,0.0041,0.014,1200.0,0.0463,0.148,414.0,False,False,0.0282,0.096,1609.0,0.0157,0.054,1200.0,0.065,0.213,409.0,False,False,0.0297,0.102,1599.0,0.013,0.046,1200.0,0.0798,0.25,399.0,False,False,False,False
alpha191_051,ok,,0.01,0.0149,0.049,1614.0,0.0041,0.014,1200.0,0.0463,0.148,414.0,False,False,0.0282,0.096,1609.0,0.0156,0.054,1200.0,0.065,0.213,409.0,False,False,0.0297,0.102,1599.0,0.013,0.046,1200.0,0.0799,0.25,399.0,False,False,False,False
alpha191_052,ok,,0.0,0.018,0.055,1600.0,0.0035,0.011,1186.0,0.0593,0.174,414.0,False,False,0.0232,0.074,1595.0,0.0062,0.02,1186.0,0.0724,0.234,409.0,False,False,0.0072,0.024,1585.0,-0.009,-0.03,1186.0,0.0554,0.183,399.0,False,False,False,False
alpha191_053,ok,,0.0,0.0144,0.054,1615.0,0.0036,0.014,1201.0,0.0459,0.164,414.0,False,False,0.0217,0.082,1610.0,0.0115,0.044,1201.0,0.0515,0.19,409.0,False,False,0.023,0.088,1600.0,0.0138,0.054,1201.0,0.0508,0.181,399.0,True,True,True,True
alpha191_054,ok,,0.01,-0.0321,-0.12,1617.0,-0.0332,-0.122,1203.0,-0.0291,-0.113,414.0,True,True,-0.0391,-0.149,1612.0,-0.0435,-0.167,1203.0,-0.0263,-0.098,409.0,True,True,-0.0495,-0.184,1602.0,-0.0535,-0.197,1203.0,-0.0372,-0.142,399.0,True,True,True,True
alpha191_055,ok,,0.01,0.0179,0.061,1606.0,0.0125,0.044,1192.0,0.0335,0.108,414.0,False,False,0.03,0.104,1601.0,0.0214,0.075,1192.0,0.055,0.185,409.0,True,True,0.0356,0.128,1591.0,0.025,0.092,1192.0,0.0671,0.229,399.0,True,True,True,True
alpha191_056,ok,,0.02,-0.0236,-0.112,1557.0,-0.0185,-0.089,1143.0,-0.0378,-0.171,414.0,True,True,-0.0262,-0.124,1552.0,-0.021,-0.1,1143.0,-0.0408,-0.192,409.0,True,True,-0.0296,-0.143,1542.0,-0.0215,-0.1,1143.0,-0.0527,-0.293,399.0,True,True,True,True
alpha191_057,ok,,0.01,0.0253,0.083,1618.0,0.0163,0.055,1204.0,0.0513,0.16,414.0,True,True,0.0352,0.119,1613.0,0.0243,0.083,1204.0,0.0673,0.222,409.0,True,True,0.0454,0.155,1603.0,0.0312,0.109,1204.0,0.0883,0.283,399.0,True,True,True,True
alpha191_058,ok,,0.0,0.0188,0.066,1607.0,0.01,0.037,1193.0,0.0441,0.141,414.0,False,False,0.026,0.094,1602.0,0.0178,0.066,1193.0,0.0501,0.17,409.0,True,True,0.0264,0.095,1592.0,0.0225,0.082,1193.0,0.0381,0.133,399.0,True,True,True,True
alpha191_059,ok,,0.0,0.011,0.039,1606.0,0.0051,0.019,1192.0,0.0278,0.089,414.0,False,False,0.0178,0.064,1601.0,0.0088,0.033,1192.0,0.0439,0.144,409.0,False,False,0.0207,0.074,1591.0,0.0079,0.03,1192.0,0.0588,0.189,399.0,False,False,False,False
alpha191_060,ok,,0.0,0.0185,0.064,1607.0,0.0201,0.07,1193.0,0.0137,0.047,414.0,True,True,0.0207,0.074,1602.0,0.0179,0.064,1193.0,0.0289,0.105,409.0,True,True,0.002,0.007,1592.0,-0.0064,-0.023,1193.0,0.0271,0.098,399.0,False,False,True,True
alpha191_061,ok,,0.02,0.001,0.004,1524.0,-0.004,-0.017,1110.0,0.0144,0.055,414.0,False,False,0.0045,0.02,1519.0,-0.0061,-0.028,1110.0,0.0335,0.135,409.0,False,False,0.0078,0.033,1509.0,-0.0099,-0.044,1110.0,0.057,0.227,399.0,False,False,False,False
alpha191_062,skip_missing_field,KeyError: 'turn',0.0,,,,,,,,,,,,,,,,,,,,,,,,,,,,,,,,,,,
alpha191_063,ok,,0.0,0.0258,0.084,1625.0,0.0167,0.056,1211.0,0.0522,0.166,414.0,True,True,0.0344,0.117,1620.0,0.0213,0.073,1211.0,0.0733,0.247,409.0,True,True,0.0387,0.133,1610.0,0.0218,0.077,1211.0,0.09,0.289,399.0,True,True,True,True
alpha191_064,ok,,0.04,,,0.0,,,0.0,,,0.0,False,False,,,0.0,,,0.0,,,0.0,False,False,,,0.0,,,0.0,,,0.0,False,False,False,False
alpha191_065,ok,,0.0,-0.0049,-0.015,1621.0,0.0008,0.003,1207.0,-0.0217,-0.064,414.0,False,False,-0.0134,-0.041,1616.0,-0.0046,-0.014,1207.0,-0.0394,-0.115,409.0,False,False,-0.0219,-0.068,1606.0,-0.0144,-0.046,1207.0,-0.0446,-0.129,399.0,False,False,False,False
alpha191_066,ok,,0.0,0.0049,0.015,1621.0,-0.0008,-0.003,1207.0,0.0217,0.064,414.0,False,False,0.0134,0.041,1616.0,0.0046,0.014,1207.0,0.0394,0.115,409.0,False,False,0.0219,0.068,1606.0,0.0144,0.046,1207.0,0.0446,0.129,399.0,False,False,False,False
alpha191_067,ok,,0.0,0.0294,0.089,1625.0,0.0199,0.06,1211.0,0.0573,0.168,414.0,True,True,0.0336,0.106,1620.0,0.0213,0.067,1211.0,0.0698,0.222,409.0,True,True,0.0265,0.087,1610.0,0.0157,0.052,1211.0,0.0594,0.191,399.0,True,True,True,True
alpha191_068,ok,,0.0,0.0153,0.065,1625.0,0.0135,0.058,1211.0,0.0207,0.083,414.0,True,True,0.0207,0.089,1620.0,0.0173,0.076,1211.0,0.0309,0.123,409.0,True,True,0.0309,0.136,1610.0,0.0256,0.115,1211.0,0.0473,0.198,399.0,True,True,True,True
alpha191_069,ok,,0.02,0.0196,0.065,1606.0,0.0098,0.033,1192.0,0.0475,0.153,414.0,False,False,0.0298,0.102,1601.0,0.0175,0.06,1192.0,0.0657,0.229,409.0,True,True,0.0279,0.099,1591.0,0.0191,0.069,1192.0,0.054,0.187,399.0,True,True,True,True
alpha191_070,ok,,0.0,-0.0214,-0.121,1621.0,-0.0246,-0.132,1207.0,-0.0122,-0.083,414.0,True,False,-0.0339,-0.194,1616.0,-0.0381,-0.209,1207.0,-0.0216,-0.143,409.0,True,True,-0.0425,-0.242,1606.0,-0.0466,-0.254,1207.0,-0.0301,-0.203,399.0,True,True,True,True
alpha191_071,ok,,0.0,0.0181,0.052,1603.0,0.0094,0.028,1189.0,0.0433,0.118,414.0,False,False,0.0304,0.09,1598.0,0.0192,0.058,1189.0,0.063,0.18,409.0,True,True,0.0185,0.058,1588.0,0.0024,0.008,1189.0,0.0663,0.199,399.0,False,False,True,True
alpha191_072,ok,,0.01,-0.035,-0.111,1621.0,-0.0268,-0.085,1207.0,-0.059,-0.185,414.0,True,True,-0.0435,-0.143,1616.0,-0.0347,-0.114,1207.0,-0.0694,-0.232,409.0,True,True,-0.0426,-0.141,1606.0,-0.0339,-0.112,1207.0,-0.0691,-0.228,399.0,True,True,True,True
alpha191_073,ok,,0.04,-0.0,-0.0,1592.0,-0.0034,-0.015,1178.0,0.0094,0.041,414.0,False,False,0.0017,0.008,1587.0,0.0028,0.013,1178.0,-0.0015,-0.007,409.0,False,False,-0.0004,-0.002,1577.0,0.0069,0.034,1178.0,-0.022,-0.103,399.0,False,False,False,False
alpha191_074,ok,,0.05,-0.0176,-0.082,1562.0,-0.0172,-0.08,1148.0,-0.0187,-0.086,414.0,True,True,-0.0192,-0.091,1557.0,-0.0182,-0.086,1148.0,-0.022,-0.107,409.0,True,True,-0.0247,-0.117,1547.0,-0.0203,-0.095,1148.0,-0.0371,-0.186,399.0,True,True,True,True
alpha191_075,ok,,0.01,0.0134,0.042,1577.0,0.0242,0.073,1163.0,-0.017,-0.058,414.0,False,False,0.0216,0.067,1572.0,0.0338,0.103,1163.0,-0.0132,-0.044,409.0,False,False,0.0299,0.095,1562.0,0.0493,0.157,1163.0,-0.0266,-0.087,399.0,False,False,False,False
alpha191_076,ok,,0.01,0.0092,0.042,1606.0,0.0159,0.071,1192.0,-0.01,-0.049,414.0,False,False,0.0094,0.042,1601.0,0.015,0.065,1192.0,-0.0066,-0.033,409.0,False,False,-0.0051,-0.023,1591.0,0.0083,0.037,1192.0,-0.0451,-0.205,399.0,False,False,False,False
alpha191_077,ok,,0.02,-0.0111,-0.052,1580.0,-0.0097,-0.045,1166.0,-0.0152,-0.073,414.0,False,False,-0.0058,-0.028,1575.0,-0.0034,-0.016,1166.0,-0.0125,-0.059,409.0,False,False,-0.0088,-0.042,1565.0,-0.0127,-0.062,1166.0,0.0025,0.012,399.0,False,False,False,False
alpha191_078,ok,,0.01,0.0236,0.08,1604.0,0.0185,0.063,1190.0,0.0384,0.131,414.0,True,True,0.0303,0.106,1599.0,0.0226,0.079,1190.0,0.0528,0.19,409.0,True,True,0.0338,0.121,1589.0,0.0225,0.082,1190.0,0.0675,0.231,399.0,True,True,True,True
alpha191_079,ok,,0.0,0.0288,0.091,1625.0,0.0177,0.056,1211.0,0.0612,0.188,414.0,True,True,0.036,0.117,1620.0,0.0219,0.071,1211.0,0.0778,0.255,409.0,True,True,0.0344,0.115,1610.0,0.0195,0.066,1211.0,0.0793,0.256,399.0,True,True,True,True
alpha191_080,ok,,0.0,-0.0035,-0.017,1621.0,0.0004,0.002,1207.0,-0.0149,-0.072,414.0,False,False,0.0003,0.002,1616.0,0.0003,0.001,1207.0,0.0005,0.003,409.0,False,False,0.0052,0.025,1606.0,0.003,0.015,1207.0,0.0117,0.059,399.0,False,False,False,False
alpha191_081,ok,,0.0,-0.0446,-0.19,1626.0,-0.0509,-0.207,1212.0,-0.0262,-0.134,414.0,True,True,-0.0594,-0.254,1621.0,-0.0657,-0.27,1212.0,-0.0407,-0.202,409.0,True,True,-0.0708,-0.298,1611.0,-0.0781,-0.322,1212.0,-0.0485,-0.22,399.0,True,True,True,True
alpha191_082,ok,,0.01,-0.0374,-0.117,1621.0,-0.0307,-0.096,1207.0,-0.0568,-0.179,414.0,True,True,-0.0444,-0.144,1616.0,-0.0372,-0.12,1207.0,-0.0654,-0.217,409.0,True,True,-0.0426,-0.14,1606.0,-0.0362,-0.118,1207.0,-0.0621,-0.208,399.0,True,True,True,True
alpha191_083,ok,,0.01,0.0085,0.053,1622.0,0.011,0.069,1208.0,0.0013,0.008,414.0,True,False,0.0042,0.027,1617.0,0.0103,0.066,1208.0,-0.0137,-0.088,409.0,False,False,0.011,0.068,1607.0,0.0154,0.096,1208.0,-0.0025,-0.015,399.0,False,False,True,False
alpha191_084,ok,,0.0,0.0091,0.032,1607.0,-0.0008,-0.003,1193.0,0.0376,0.127,414.0,False,False,0.015,0.055,1602.0,0.0033,0.012,1193.0,0.0491,0.18,409.0,False,False,0.0023,0.009,1592.0,-0.011,-0.041,1193.0,0.0421,0.16,399.0,False,False,False,False
alpha191_085,ok,,0.04,-0.0045,-0.019,1588.0,0.0029,0.012,1174.0,-0.0254,-0.109,414.0,False,False,0.0064,0.027,1583.0,0.0099,0.043,1174.0,-0.0038,-0.016,409.0,False,False,0.0075,0.033,1573.0,0.0095,0.042,1174.0,0.0016,0.007,399.0,False,False,False,False
alpha191_086,ok,,0.0,0.0054,0.02,1603.0,0.0092,0.035,1190.0,-0.0055,-0.02,413.0,False,False,0.0049,0.018,1598.0,0.0072,0.028,1190.0,-0.0016,-0.005,408.0,False,False,-0.0069,-0.027,1588.0,-0.0049,-0.019,1190.0,-0.013,-0.046,398.0,False,False,False,False
alpha191_087,ok,,0.02,-0.0094,-0.041,1610.0,-0.0003,-0.001,1196.0,-0.0358,-0.149,414.0,False,False,-0.0049,-0.021,1605.0,0.0047,0.021,1196.0,-0.0326,-0.137,409.0,False,False,-0.0098,-0.046,1595.0,-0.001,-0.005,1196.0,-0.0364,-0.153,399.0,False,False,False,False
alpha191_088,ok,,0.0,0.0191,0.054,1606.0,0.0112,0.032,1192.0,0.042,0.112,414.0,False,False,0.0287,0.084,1601.0,0.0161,0.048,1192.0,0.0656,0.185,409.0,False,False,0.0079,0.024,1591.0,-0.0095,-0.03,1192.0,0.0597,0.182,399.0,False,False,False,False
alpha191_089,ok,,0.0,0.0091,0.032,1625.0,0.0033,0.012,1211.0,0.026,0.084,414.0,False,False,0.0114,0.042,1620.0,0.0082,0.032,1211.0,0.0208,0.071,409.0,False,False,0.0271,0.105,1610.0,0.0175,0.071,1211.0,0.0563,0.196,399.0,True,True,True,True
alpha191_090,ok,,0.02,-0.0025,-0.014,1622.0,-0.0011,-0.006,1208.0,-0.0067,-0.04,414.0,False,False,-0.0039,-0.023,1617.0,0.0004,0.002,1208.0,-0.0168,-0.106,409.0,False,False,0.0048,0.027,1607.0,0.0093,0.052,1208.0,-0.0087,-0.05,399.0,False,False,False,False
alpha191_091,ok,,0.02,0.0082,0.035,1583.0,0.0139,0.061,1169.0,-0.008,-0.032,414.0,False,False,0.0021,0.009,1578.0,0.008,0.035,1169.0,-0.0146,-0.059,409.0,False,False,0.0074,0.033,1568.0,0.0146,0.066,1169.0,-0.0138,-0.058,399.0,False,False,False,False
alpha191_092,ok,,0.03,-0.0099,-0.047,1417.0,-0.0068,-0.032,1003.0,-0.0175,-0.081,414.0,False,False,-0.0209,-0.096,1412.0,-0.0131,-0.062,1003.0,-0.0401,-0.176,409.0,True,True,-0.0157,-0.073,1402.0,-0.0115,-0.054,1003.0,-0.0262,-0.119,399.0,True,True,True,True
alpha191_093,ok,,0.0,0.0084,0.038,1606.0,0.0032,0.015,1192.0,0.0232,0.097,414.0,False,False,-0.0053,-0.024,1601.0,-0.011,-0.051,1192.0,0.0114,0.051,409.0,False,False,-0.0161,-0.076,1591.0,-0.0304,-0.146,1192.0,0.0264,0.118,399.0,False,False,False,False
alpha191_094,ok,,0.0,0.0045,0.016,1597.0,-0.0042,-0.015,1183.0,0.0293,0.099,414.0,False,False,0.0016,0.006,1592.0,-0.0083,-0.031,1183.0,0.0305,0.109,409.0,False,False,-0.0224,-0.08,1582.0,-0.0299,-0.106,1183.0,-0.0003,-0.001,399.0,True,False,True,False
alpha191_095,ok,,0.0,-0.0246,-0.141,1607.0,-0.0277,-0.153,1193.0,-0.0157,-0.104,414.0,True,True,-0.0406,-0.238,1602.0,-0.0429,-0.244,1193.0,-0.0341,-0.221,409.0,True,True,-0.0525,-0.309,1592.0,-0.055,-0.313,1193.0,-0.0448,-0.299,399.0,True,True,True,True
alpha191_096,ok,,0.01,0.0239,0.078,1618.0,0.0131,0.044,1204.0,0.0555,0.17,414.0,False,False,0.0368,0.124,1613.0,0.0256,0.087,1204.0,0.0699,0.229,409.0,True,True,0.0422,0.141,1603.0,0.0269,0.092,1204.0,0.0884,0.28,399.0,True,True,True,True
alpha191_097,ok,,0.0,-0.0392,-0.17,1617.0,-0.0474,-0.197,1203.0,-0.0151,-0.079,414.0,True,False,-0.0515,-0.227,1612.0,-0.0601,-0.254,1203.0,-0.0262,-0.135,409.0,True,False,-0.0644,-0.278,1602.0,-0.074,-0.312,1203.0,-0.0355,-0.166,399.0,True,False,True,False
alpha191_098,ok,,0.0,-0.0104,-0.042,1527.0,-0.0093,-0.038,1113.0,-0.0136,-0.052,414.0,False,False,-0.0082,-0.033,1522.0,0.0016,0.007,1113.0,-0.0349,-0.125,409.0,False,False,0.0044,0.019,1512.0,0.0157,0.07,1113.0,-0.0271,-0.106,399.0,False,False,False,False
alpha191_099,ok,,0.01,0.0101,0.063,1622.0,0.0098,0.061,1208.0,0.011,0.07,414.0,True,True,0.0095,0.063,1617.0,0.013,0.085,1208.0,-0.0007,-0.005,409.0,False,False,0.0155,0.097,1607.0,0.0182,0.112,1208.0,0.0072,0.048,399.0,True,False,True,True
alpha191_100,ok,,0.0,-0.0418,-0.181,1607.0,-0.0483,-0.2,1193.0,-0.0231,-0.119,414.0,True,False,-0.0577,-0.254,1602.0,-0.0638,-0.269,1193.0,-0.0397,-0.205,409.0,True,True,-0.0711,-0.309,1592.0,-0.0782,-0.332,1193.0,-0.0498,-0.236,399.0,True,True,True,True
alpha191_101,ok,,0.03,-0.0047,-0.027,1547.0,0.0057,0.034,1133.0,-0.0332,-0.178,414.0,False,False,-0.0088,-0.051,1542.0,-0.0001,-0.0,1133.0,-0.0331,-0.18,409.0,False,False,-0.0017,-0.01,1532.0,0.0016,0.009,1133.0,-0.0111,-0.062,399.0,False,False,False,False
alpha191_102,ok,,0.0,-0.0036,-0.017,1625.0,-0.0014,-0.007,1211.0,-0.0099,-0.048,414.0,False,False,0.0031,0.015,1620.0,0.001,0.005,1211.0,0.0096,0.047,409.0,False,False,0.0098,0.048,1610.0,0.0039,0.019,1211.0,0.0278,0.141,399.0,False,False,False,False
alpha191_103,ok,,0.0,-0.016,-0.056,1607.0,-0.01,-0.035,1193.0,-0.0334,-0.113,414.0,False,False,-0.0224,-0.079,1602.0,-0.0159,-0.056,1193.0,-0.0413,-0.149,409.0,True,True,-0.0155,-0.057,1592.0,-0.0068,-0.025,1193.0,-0.0415,-0.156,399.0,False,False,True,True
alpha191_104,ok,,0.02,-0.0032,-0.016,1607.0,-0.0081,-0.043,1193.0,0.0109,0.047,414.0,False,False,0.0036,0.018,1602.0,0.0023,0.012,1193.0,0.0074,0.032,409.0,False,False,0.0012,0.006,1592.0,-0.0,-0.0,1193.0,0.0051,0.024,399.0,False,False,False,False
alpha191_105,ok,,0.01,0.0075,0.044,1617.0,0.0072,0.042,1203.0,0.0085,0.051,414.0,False,False,-0.0018,-0.01,1612.0,-0.0013,-0.008,1203.0,-0.0031,-0.018,409.0,False,False,0.0037,0.021,1602.0,0.0052,0.03,1203.0,-0.0008,-0.005,399.0,False,False,False,False
alpha191_106,ok,,0.0,0.0162,0.054,1606.0,0.0112,0.039,1192.0,0.0304,0.094,414.0,False,False,0.0258,0.089,1601.0,0.0171,0.061,1192.0,0.0509,0.166,409.0,True,True,0.0246,0.087,1591.0,0.0116,0.042,1192.0,0.0632,0.209,399.0,False,False,True,True
alpha191_107,ok,,0.01,0.0096,0.039,1625.0,0.017,0.074,1211.0,-0.0122,-0.044,414.0,False,False,0.0061,0.025,1620.0,0.0126,0.055,1211.0,-0.0131,-0.047,409.0,False,False,0.0012,0.005,1610.0,0.006,0.026,1211.0,-0.0134,-0.048,399.0,False,False,False,False
alpha191_108,ok,,0.02,-0.0155,-0.066,1502.0,-0.0123,-0.052,1088.0,-0.0238,-0.1,414.0,False,False,-0.0125,-0.053,1497.0,-0.0064,-0.028,1088.0,-0.0289,-0.117,409.0,False,False,-0.0159,-0.07,1487.0,-0.0137,-0.062,1088.0,-0.022,-0.089,399.0,True,True,True,True
alpha191_109,ok,,0.0,0.0122,0.049,1625.0,0.0134,0.054,1211.0,0.0088,0.036,414.0,True,True,0.0188,0.074,1620.0,0.0174,0.069,1211.0,0.0228,0.092,409.0,True,True,0.0382,0.153,1610.0,0.0348,0.137,1211.0,0.0483,0.207,399.0,True,True,True,True
alpha191_110,ok,,0.0,0.0115,0.039,1606.0,0.0018,0.006,1192.0,0.0394,0.128,414.0,False,False,0.0181,0.062,1601.0,0.0059,0.02,1192.0,0.0539,0.183,409.0,False,False,0.0205,0.072,1591.0,0.008,0.028,1192.0,0.0578,0.2,399.0,False,False,False,False
alpha191_111,ok,,0.01,0.0103,0.037,1625.0,0.0113,0.04,1211.0,0.0071,0.025,414.0,False,False,-0.0023,-0.008,1620.0,-0.0021,-0.007,1211.0,-0.003,-0.011,409.0,False,False,0.0016,0.006,1610.0,0.0016,0.006,1211.0,0.0017,0.006,399.0,False,False,False,False
alpha191_112,ok,,0.01,0.0165,0.054,1614.0,0.0046,0.015,1200.0,0.0508,0.161,414.0,False,False,0.0309,0.105,1609.0,0.0171,0.059,1200.0,0.0714,0.237,409.0,True,True,0.0355,0.12,1599.0,0.0187,0.065,1200.0,0.086,0.273,399.0,True,True,True,True
alpha191_113,ok,,0.03,0.003,0.015,1588.0,0.0064,0.031,1174.0,-0.0063,-0.028,414.0,False,False,-0.0035,-0.017,1583.0,0.0043,0.022,1174.0,-0.0259,-0.111,409.0,False,False,-0.0042,-0.019,1573.0,0.01,0.05,1174.0,-0.0457,-0.188,399.0,False,False,False,False
alpha191_114,ok,,0.01,0.0119,0.039,1620.0,0.01,0.033,1206.0,0.0175,0.056,414.0,False,False,-0.0007,-0.002,1615.0,-0.0008,-0.003,1206.0,-0.0004,-0.001,409.0,False,False,0.0033,0.011,1605.0,0.0044,0.015,1206.0,0.0,0.0,399.0,False,False,False,False
alpha191_115,ok,,0.05,0.0003,0.001,1588.0,0.0021,0.01,1174.0,-0.0048,-0.021,414.0,False,False,-0.0083,-0.04,1583.0,-0.0078,-0.037,1174.0,-0.01,-0.046,409.0,False,False,-0.0099,-0.05,1573.0,-0.0166,-0.083,1174.0,0.0096,0.048,399.0,False,False,False,False
alpha191_116,skip_qlib_or_missing_name,NameError: name 'rolling_slope' is not defined,0.0,,,,,,,,,,,,,,,,,,,,,,,,,,,,,,,,,,,
alpha191_117,ok,,0.06,-0.0194,-0.075,1594.0,-0.0164,-0.064,1180.0,-0.0281,-0.106,414.0,True,True,-0.0232,-0.091,1589.0,-0.0207,-0.082,1180.0,-0.0302,-0.113,409.0,True,True,-0.0265,-0.104,1579.0,-0.0246,-0.098,1180.0,-0.0321,-0.12,399.0,True,True,True,True
alpha191_118,ok,,0.0,0.0167,0.058,1607.0,0.0079,0.028,1193.0,0.0419,0.138,414.0,False,False,0.0249,0.089,1602.0,0.013,0.047,1193.0,0.0595,0.21,409.0,False,False,0.0284,0.109,1592.0,0.0194,0.076,1193.0,0.0553,0.202,399.0,True,True,True,True
alpha191_119,ok,,0.05,0.0117,0.056,1571.0,0.0062,0.031,1157.0,0.0271,0.118,414.0,False,False,-0.0012,-0.006,1566.0,-0.008,-0.04,1157.0,0.018,0.077,409.0,False,False,0.0052,0.025,1556.0,-0.0026,-0.013,1157.0,0.0278,0.125,399.0,False,False,False,False
alpha191_120,ok,,0.0,-0.0211,-0.078,1626.0,-0.0169,-0.061,1212.0,-0.0334,-0.13,414.0,True,True,-0.0262,-0.098,1621.0,-0.019,-0.071,1212.0,-0.0474,-0.184,409.0,True,True,-0.0262,-0.1,1611.0,-0.0166,-0.064,1212.0,-0.0554,-0.202,399.0,True,True,True,True
alpha191_121,ok,,0.05,-0.019,-0.069,1547.0,-0.0112,-0.041,1133.0,-0.0404,-0.147,414.0,False,False,-0.0228,-0.084,1542.0,-0.0158,-0.058,1133.0,-0.0424,-0.16,409.0,True,True,-0.0359,-0.135,1532.0,-0.0299,-0.113,1133.0,-0.0529,-0.2,399.0,True,True,True,True
alpha191_122,ok,,0.0,0.0058,0.027,1625.0,-0.0038,-0.019,1211.0,0.0339,0.136,414.0,False,False,0.0045,0.021,1620.0,-0.0052,-0.026,1211.0,0.0334,0.133,409.0,False,False,0.0066,0.032,1610.0,-0.0,-0.0,1211.0,0.0267,0.113,399.0,False,False,False,False
alpha191_123,ok,,0.03,-0.0083,-0.043,1540.0,-0.0118,-0.061,1126.0,0.0012,0.006,414.0,False,False,-0.0114,-0.061,1535.0,-0.0136,-0.072,1126.0,-0.0055,-0.03,409.0,True,False,-0.0168,-0.095,1525.0,-0.0121,-0.067,1126.0,-0.0303,-0.186,399.0,True,True,True,True
alpha191_124,ok,,0.01,-0.0091,-0.031,1596.0,-0.0087,-0.03,1182.0,-0.0103,-0.034,414.0,False,False,-0.0,-0.0,1591.0,-0.0024,-0.008,1182.0,0.007,0.023,409.0,False,False,-0.0003,-0.001,1581.0,-0.0035,-0.012,1182.0,0.0092,0.031,399.0,False,False,False,False
alpha191_125,ok,,0.03,-0.0309,-0.124,1512.0,-0.031,-0.124,1098.0,-0.0305,-0.124,414.0,True,True,-0.0348,-0.148,1507.0,-0.0381,-0.161,1098.0,-0.0261,-0.11,409.0,True,True,-0.0419,-0.19,1497.0,-0.0419,-0.193,1098.0,-0.0419,-0.183,399.0,True,True,True,True
alpha191_126,ok,,0.0,0.0346,0.134,1626.0,0.0312,0.118,1212.0,0.0444,0.187,414.0,True,True,0.0349,0.136,1621.0,0.0293,0.113,1212.0,0.0515,0.208,409.0,True,True,0.0381,0.15,1611.0,0.0303,0.121,1212.0,0.0617,0.232,399.0,True,True,True,True
alpha191_127,ok,,0.01,-0.0263,-0.081,1604.0,-0.0323,-0.099,1190.0,-0.0092,-0.029,414.0,True,False,-0.0422,-0.136,1599.0,-0.0504,-0.162,1190.0,-0.0186,-0.061,409.0,True,False,-0.0577,-0.178,1589.0,-0.0641,-0.196,1190.0,-0.0385,-0.122,399.0,True,True,True,True
alpha191_128,ok,,0.01,0.0104,0.037,1613.0,-0.0012,-0.004,1199.0,0.044,0.15,414.0,False,False,0.0237,0.086,1608.0,0.0141,0.052,1199.0,0.0519,0.185,409.0,False,False,0.0342,0.127,1598.0,0.022,0.084,1199.0,0.0707,0.248,399.0,True,True,True,True
alpha191_129,ok,,0.0,0.0228,0.099,1614.0,0.0202,0.094,1200.0,0.0305,0.114,414.0,True,True,0.0125,0.056,1609.0,0.0099,0.047,1200.0,0.02,0.077,409.0,False,False,0.0002,0.001,1599.0,-0.0026,-0.013,1200.0,0.0084,0.034,399.0,False,False,True,True
alpha191_130,ok,,0.03,-0.0085,-0.036,1570.0,-0.006,-0.027,1156.0,-0.0153,-0.061,414.0,False,False,-0.0158,-0.07,1565.0,-0.0116,-0.053,1156.0,-0.0277,-0.111,409.0,False,False,-0.0067,-0.029,1555.0,-0.0069,-0.032,1156.0,-0.0061,-0.025,399.0,False,False,False,False
alpha191_131,ok,,0.03,0.0133,0.056,1543.0,0.0054,0.023,1129.0,0.0351,0.143,414.0,False,False,0.0182,0.077,1538.0,0.0088,0.038,1129.0,0.0442,0.176,409.0,False,False,0.0205,0.089,1528.0,0.016,0.072,1129.0,0.0331,0.134,399.0,True,True,True,True
alpha191_132,ok,,0.0,-0.0253,-0.149,1607.0,-0.0286,-0.163,1193.0,-0.0158,-0.107,414.0,True,True,-0.0404,-0.24,1602.0,-0.0429,-0.248,1193.0,-0.033,-0.215,409.0,True,True,-0.0529,-0.317,1592.0,-0.0567,-0.324,1193.0,-0.0414,-0.298,399.0,True,True,True,True
alpha191_133,ok,,0.01,0.0241,0.081,1607.0,0.0128,0.044,1193.0,0.0564,0.182,414.0,False,False,0.035,0.121,1602.0,0.0261,0.091,1193.0,0.0609,0.206,409.0,True,True,0.0254,0.091,1592.0,0.0113,0.04,1193.0,0.0678,0.244,399.0,False,False,True,True
alpha191_134,ok,,0.0,0.0054,0.017,1614.0,-0.0066,-0.021,1200.0,0.0401,0.12,414.0,False,False,0.0202,0.065,1609.0,0.0071,0.023,1200.0,0.0585,0.186,409.0,False,False,0.0121,0.04,1599.0,-0.0052,-0.017,1200.0,0.0642,0.201,399.0,False,False,False,False
alpha191_135,ok,,0.0,0.0059,0.017,1613.0,-0.009,-0.025,1199.0,0.0491,0.131,414.0,False,False,0.005,0.015,1608.0,-0.0112,-0.034,1199.0,0.0527,0.148,409.0,False,False,-0.0229,-0.07,1598.0,-0.0394,-0.12,1199.0,0.0266,0.082,399.0,False,False,False,False
alpha191_136,ok,,0.02,0.0224,0.106,1617.0,0.0227,0.109,1203.0,0.0214,0.097,414.0,True,True,0.0185,0.088,1612.0,0.0218,0.104,1203.0,0.0087,0.04,409.0,True,False,0.0204,0.097,1602.0,0.0267,0.129,1203.0,0.0012,0.006,399.0,True,False,True,True
alpha191_137,ok,,0.01,0.0079,0.029,1625.0,0.0067,0.025,1211.0,0.0113,0.039,414.0,False,False,0.0143,0.052,1620.0,0.0087,0.032,1211.0,0.0309,0.105,409.0,False,False,0.0152,0.056,1610.0,0.011,0.041,1211.0,0.028,0.099,399.0,False,False,False,False
alpha191_138,ok,,0.07,-0.0247,-0.051,187.0,-0.0119,-0.025,175.0,,,12.0,False,False,-0.0777,-0.171,187.0,-0.068,-0.15,175.0,,,12.0,False,False,0.047,0.107,187.0,0.0591,0.133,175.0,,,12.0,False,False,False,False
alpha191_139,ok,,0.01,0.0253,0.119,1617.0,0.025,0.121,1203.0,0.0259,0.114,414.0,True,True,0.0203,0.096,1612.0,0.0241,0.116,1203.0,0.0091,0.041,409.0,True,False,0.0241,0.115,1602.0,0.0332,0.161,1203.0,-0.0032,-0.014,399.0,False,False,True,True
alpha191_140,ok,,0.06,0.0129,0.053,1533.0,0.0101,0.041,1119.0,0.0207,0.087,414.0,False,False,0.0097,0.04,1528.0,0.0088,0.037,1119.0,0.012,0.048,409.0,False,False,0.0236,0.097,1518.0,0.0252,0.106,1119.0,0.0191,0.073,399.0,True,True,True,True
alpha191_141,ok,,0.02,-0.0006,-0.004,1604.0,-0.0047,-0.026,1190.0,0.011,0.062,414.0,False,False,-0.0003,-0.002,1599.0,-0.0067,-0.037,1190.0,0.0181,0.099,409.0,False,False,0.0042,0.023,1589.0,0.0009,0.005,1190.0,0.0142,0.077,399.0,False,False,False,False
alpha191_142,ok,,0.04,-0.0076,-0.03,1603.0,-0.0048,-0.019,1189.0,-0.0155,-0.06,414.0,False,False,-0.009,-0.036,1598.0,-0.0042,-0.017,1189.0,-0.0229,-0.089,409.0,False,False,-0.0134,-0.055,1588.0,-0.0063,-0.026,1189.0,-0.0345,-0.138,399.0,False,False,False,False
alpha191_143,skip_not_implemented,returned None (unfinished stub),0.0,,,,,,,,,,,,,,,,,,,,,,,,,,,,,,,,,,,
alpha191_144,ok,,0.01,-0.011,-0.033,1606.0,-0.0241,-0.076,1192.0,0.0267,0.069,414.0,False,False,-0.0173,-0.052,1601.0,-0.0297,-0.095,1192.0,0.019,0.048,409.0,False,False,-0.0352,-0.107,1591.0,-0.0455,-0.146,1192.0,-0.0042,-0.011,399.0,True,False,True,False
alpha191_145,ok,,0.0,0.0103,0.052,1601.0,0.0,0.0,1187.0,0.0399,0.207,414.0,False,False,0.0162,0.081,1596.0,0.0002,0.001,1187.0,0.0627,0.342,409.0,False,False,0.01,0.051,1586.0,-0.0089,-0.044,1187.0,0.0661,0.402,399.0,False,False,False,False
alpha191_146,ok,,0.01,-0.0092,-0.036,1606.0,-0.0128,-0.051,1192.0,0.0014,0.006,414.0,False,False,-0.0024,-0.009,1601.0,-0.0022,-0.009,1192.0,-0.0029,-0.012,409.0,False,False,-0.0001,-0.0,1591.0,0.003,0.012,1192.0,-0.0092,-0.039,399.0,False,False,False,False
alpha191_147,skip_qlib_or_missing_name,NameError: name 'rolling_slope' is not defined,0.0,,,,,,,,,,,,,,,,,,,,,,,,,,,,,,,,,,,
alpha191_148,ok,,0.02,-0.0233,-0.111,1554.0,-0.0132,-0.063,1140.0,-0.0513,-0.246,414.0,True,True,-0.0372,-0.175,1549.0,-0.0294,-0.14,1140.0,-0.0592,-0.27,409.0,True,True,-0.04,-0.19,1539.0,-0.037,-0.178,1140.0,-0.0485,-0.22,399.0,True,True,True,True
alpha191_149,ok,,0.01,-0.0076,-0.034,1374.0,-0.0245,-0.1,960.0,0.0313,0.175,414.0,False,False,-0.0187,-0.083,1369.0,-0.0422,-0.177,960.0,0.0364,0.197,409.0,False,False,-0.0273,-0.117,1359.0,-0.0598,-0.252,960.0,0.0511,0.256,399.0,False,False,False,False
alpha191_150,ok,,0.0,0.0313,0.125,1626.0,0.0279,0.11,1212.0,0.0413,0.173,414.0,True,True,0.0306,0.123,1621.0,0.0251,0.1,1212.0,0.0471,0.192,409.0,True,True,0.0334,0.136,1611.0,0.0257,0.107,1212.0,0.0568,0.217,399.0,True,True,True,True
alpha191_151,ok,,0.0,0.013,0.042,1606.0,0.0058,0.019,1192.0,0.0337,0.103,414.0,False,False,0.009,0.03,1601.0,0.0021,0.007,1192.0,0.0291,0.095,409.0,False,False,-0.0005,-0.002,1591.0,-0.0051,-0.018,1192.0,0.0131,0.047,399.0,False,False,False,False
alpha191_152,ok,,0.01,0.0127,0.038,1590.0,0.003,0.009,1176.0,0.0403,0.121,414.0,False,False,0.0135,0.042,1585.0,0.0007,0.002,1176.0,0.0502,0.161,409.0,False,False,-0.0067,-0.021,1575.0,-0.0261,-0.079,1176.0,0.0503,0.163,399.0,False,False,False,False
alpha191_153,ok,,0.01,0.0355,0.137,1603.0,0.0325,0.123,1189.0,0.0439,0.183,414.0,True,True,0.0351,0.136,1598.0,0.0296,0.114,1189.0,0.0509,0.202,409.0,True,True,0.0389,0.152,1588.0,0.0315,0.125,1189.0,0.061,0.226,399.0,True,True,True,True
alpha191_154,ok,,0.02,-0.0184,-0.097,1430.0,-0.0261,-0.139,1016.0,0.0006,0.003,414.0,False,False,-0.0202,-0.104,1425.0,-0.0333,-0.175,1016.0,0.0125,0.062,409.0,False,False,-0.0255,-0.137,1415.0,-0.0392,-0.211,1016.0,0.0094,0.051,399.0,False,False,False,False
alpha191_155,ok,,0.01,0.0173,0.078,1625.0,0.0237,0.105,1211.0,-0.0012,-0.006,414.0,False,False,0.0224,0.102,1620.0,0.0212,0.096,1211.0,0.0262,0.119,409.0,True,True,0.0316,0.144,1610.0,0.024,0.109,1211.0,0.0548,0.251,399.0,True,True,True,True
alpha191_156,ok,,0.01,-0.0049,-0.021,1619.0,-0.0069,-0.029,1205.0,0.0009,0.004,414.0,False,False,0.0036,0.016,1614.0,-0.0006,-0.002,1205.0,0.0161,0.072,409.0,False,False,0.0101,0.043,1604.0,0.0065,0.028,1205.0,0.0209,0.09,399.0,False,False,False,False
alpha191_157,ok,,0.03,-0.0143,-0.052,1615.0,-0.0106,-0.039,1201.0,-0.0248,-0.089,414.0,False,False,-0.0079,-0.03,1610.0,-0.0051,-0.019,1201.0,-0.0163,-0.062,409.0,False,False,-0.0131,-0.05,1600.0,-0.0098,-0.037,1201.0,-0.0232,-0.09,399.0,False,False,False,False
alpha191_158,ok,,0.0,-0.0231,-0.063,1626.0,-0.039,-0.108,1212.0,0.0233,0.062,414.0,False,False,-0.0342,-0.095,1621.0,-0.0503,-0.142,1212.0,0.0134,0.035,409.0,False,False,-0.0461,-0.129,1611.0,-0.0668,-0.188,1212.0,0.0165,0.046,399.0,False,False,False,False
alpha191_159,ok,,0.01,-0.0287,-0.074,1602.0,-0.0492,-0.132,1188.0,0.0301,0.072,414.0,False,False,-0.037,-0.098,1597.0,-0.0606,-0.168,1188.0,0.0317,0.076,409.0,False,False,-0.0573,-0.152,1587.0,-0.086,-0.235,1188.0,0.0283,0.072,399.0,False,False,False,False
alpha191_160,ok,,0.0,0.0229,0.105,1607.0,0.0192,0.097,1193.0,0.0335,0.126,414.0,True,True,0.015,0.07,1602.0,0.0097,0.049,1193.0,0.0305,0.117,409.0,False,False,0.0048,0.023,1592.0,-0.0026,-0.014,1193.0,0.0272,0.106,399.0,False,False,True,True
alpha191_161,ok,,0.0,0.0198,0.086,1614.0,0.0097,0.045,1200.0,0.0491,0.183,414.0,False,False,0.0129,0.056,1609.0,0.0002,0.001,1200.0,0.0503,0.189,409.0,False,False,0.0001,0.0,1599.0,-0.0171,-0.085,1200.0,0.0519,0.203,399.0,False,False,False,False
alpha191_162,ok,,0.01,0.0034,0.012,1614.0,-0.0011,-0.004,1200.0,0.0164,0.056,414.0,False,False,0.0092,0.032,1609.0,0.0022,0.008,1200.0,0.0295,0.102,409.0,False,False,0.023,0.083,1599.0,0.0144,0.053,1200.0,0.049,0.17,399.0,True,True,True,True
alpha191_163,ok,,0.01,-0.0029,-0.01,1607.0,-0.0008,-0.003,1193.0,-0.0087,-0.03,414.0,False,False,-0.01,-0.036,1602.0,-0.0052,-0.02,1193.0,-0.0238,-0.078,409.0,False,False,-0.0046,-0.017,1592.0,-0.0001,-0.0,1193.0,-0.0179,-0.064,399.0,False,False,False,False
alpha191_164,ok,,0.0,0.0107,0.046,1614.0,0.0001,0.0,1200.0,0.0414,0.151,414.0,False,False,-0.0008,-0.003,1609.0,-0.0146,-0.069,1200.0,0.0396,0.146,409.0,False,False,-0.0152,-0.069,1599.0,-0.0346,-0.174,1200.0,0.0434,0.166,399.0,False,False,False,False
alpha191_165,ok,,0.01,-0.0398,-0.136,1485.0,-0.0413,-0.141,1071.0,-0.0358,-0.124,414.0,True,True,-0.0516,-0.179,1480.0,-0.0541,-0.186,1071.0,-0.0449,-0.159,409.0,True,True,-0.0669,-0.25,1470.0,-0.0773,-0.294,1071.0,-0.0389,-0.14,399.0,True,True,True,True
alpha191_166,ok,,0.01,0.0189,0.058,1587.0,0.0219,0.069,1173.0,0.0105,0.031,414.0,True,False,0.0394,0.125,1582.0,0.0442,0.143,1173.0,0.0257,0.079,409.0,True,True,0.0492,0.161,1572.0,0.0474,0.158,1173.0,0.0543,0.168,399.0,True,True,True,True
alpha191_167,ok,,0.0,0.023,0.089,1614.0,0.0146,0.058,1200.0,0.0475,0.173,414.0,True,True,0.0248,0.097,1609.0,0.0167,0.067,1200.0,0.0487,0.178,409.0,True,True,0.0203,0.082,1599.0,0.01,0.042,1200.0,0.051,0.19,399.0,False,False,True,True
alpha191_168,ok,,0.0,0.0027,0.013,1607.0,0.0013,0.006,1193.0,0.0068,0.034,414.0,False,False,-0.0039,-0.019,1602.0,0.0004,0.002,1193.0,-0.0163,-0.082,409.0,False,False,-0.0069,-0.034,1592.0,0.0016,0.008,1193.0,-0.0323,-0.171,399.0,False,False,False,False
alpha191_169,ok,,0.01,0.0101,0.036,1599.0,0.0042,0.016,1185.0,0.027,0.091,414.0,False,False,0.0283,0.105,1594.0,0.0186,0.072,1185.0,0.0563,0.192,409.0,True,True,0.0305,0.116,1584.0,0.008,0.032,1185.0,0.0971,0.338,399.0,False,False,True,True
alpha191_170,ok,,0.01,-0.0113,-0.04,1607.0,-0.0074,-0.027,1193.0,-0.0223,-0.077,414.0,False,False,-0.0151,-0.054,1602.0,-0.0136,-0.05,1193.0,-0.0194,-0.065,409.0,False,False,-0.0224,-0.084,1592.0,-0.0211,-0.08,1193.0,-0.0264,-0.093,399.0,True,True,True,True
alpha191_171,ok,,0.0,-0.0003,-0.001,1626.0,0.0007,0.003,1212.0,-0.0033,-0.012,414.0,False,False,-0.0058,-0.023,1621.0,-0.0006,-0.002,1212.0,-0.0213,-0.084,409.0,False,False,-0.0022,-0.009,1611.0,0.0036,0.014,1212.0,-0.0199,-0.079,399.0,False,False,False,False
alpha191_172,ok,,0.01,0.0184,0.073,1607.0,0.0092,0.037,1193.0,0.0446,0.169,414.0,False,False,0.0257,0.104,1602.0,0.0117,0.048,1193.0,0.0662,0.26,409.0,False,False,0.0333,0.142,1592.0,0.0108,0.048,1193.0,0.1003,0.415,399.0,True,True,True,True
alpha191_173,ok,,0.0,0.0345,0.134,1626.0,0.0313,0.119,1212.0,0.0439,0.184,414.0,True,True,0.0347,0.135,1621.0,0.0293,0.113,1212.0,0.0507,0.204,409.0,True,True,0.0381,0.149,1611.0,0.0305,0.122,1212.0,0.0611,0.228,399.0,True,True,True,True
alpha191_174,ok,,0.0,0.0242,0.098,1607.0,0.0181,0.077,1193.0,0.0418,0.15,414.0,True,True,0.0167,0.069,1602.0,0.0099,0.043,1193.0,0.0367,0.134,409.0,False,False,0.0058,0.025,1592.0,-0.0031,-0.014,1193.0,0.0322,0.122,399.0,False,False,True,True
alpha191_175,ok,,0.0,0.0207,0.09,1620.0,0.0124,0.057,1206.0,0.0448,0.167,414.0,True,True,0.0155,0.067,1615.0,0.0037,0.017,1206.0,0.0505,0.19,409.0,False,False,0.0068,0.031,1605.0,-0.0095,-0.046,1206.0,0.056,0.217,399.0,False,False,True,True
alpha191_176,ok,,0.03,0.0029,0.017,1610.0,-0.0016,-0.01,1196.0,0.016,0.094,414.0,False,False,0.0058,0.035,1605.0,0.0011,0.006,1196.0,0.0197,0.123,409.0,False,False,0.0019,0.011,1595.0,-0.0056,-0.033,1196.0,0.0243,0.151,399.0,False,False,False,False
alpha191_177,ok,,0.0,0.0211,0.075,1607.0,0.0108,0.039,1193.0,0.0508,0.175,414.0,False,False,0.0351,0.128,1602.0,0.0294,0.108,1193.0,0.0519,0.184,409.0,True,True,0.0228,0.083,1592.0,0.0137,0.05,1193.0,0.0499,0.181,399.0,True,True,True,True
alpha191_178,ok,,0.0,-0.0005,-0.002,1625.0,-0.0015,-0.005,1211.0,0.0025,0.008,414.0,False,False,0.0099,0.033,1620.0,0.0041,0.014,1211.0,0.0267,0.083,409.0,False,False,0.0061,0.02,1610.0,0.0003,0.001,1211.0,0.0235,0.079,399.0,False,False,False,False
alpha191_179,ok,,0.03,-0.0063,-0.03,1566.0,-0.0087,-0.042,1152.0,0.0003,0.001,414.0,False,False,-0.01,-0.048,1561.0,-0.0155,-0.075,1152.0,0.0055,0.025,409.0,False,False,-0.0185,-0.09,1551.0,-0.028,-0.139,1152.0,0.0089,0.042,399.0,False,False,False,False
alpha191_180,ok,,0.02,0.0262,0.121,1560.0,0.0328,0.15,1146.0,0.008,0.039,414.0,True,False,0.0311,0.145,1555.0,0.0315,0.147,1146.0,0.0301,0.141,409.0,True,True,0.0365,0.171,1545.0,0.0358,0.168,1146.0,0.0383,0.181,399.0,True,True,True,True
alpha191_181,ok,,0.0,0.007,0.021,1587.0,-0.0077,-0.024,1173.0,0.0485,0.142,414.0,False,False,0.0034,0.011,1582.0,-0.0098,-0.031,1173.0,0.0411,0.126,409.0,False,False,-0.0329,-0.107,1572.0,-0.049,-0.164,1173.0,0.0144,0.044,399.0,False,False,False,False
alpha191_182,ok,,0.0,-0.0022,-0.007,1607.0,-0.0081,-0.028,1193.0,0.0148,0.045,414.0,False,False,-0.0073,-0.025,1602.0,-0.0161,-0.059,1193.0,0.0183,0.056,409.0,False,False,-0.028,-0.1,1592.0,-0.0414,-0.152,1193.0,0.0121,0.041,399.0,False,False,False,False
alpha191_183,ok,,0.01,-0.0174,-0.058,1557.0,-0.014,-0.046,1143.0,-0.0266,-0.093,414.0,False,False,-0.0128,-0.044,1552.0,-0.0095,-0.033,1143.0,-0.0219,-0.077,409.0,False,False,-0.005,-0.018,1542.0,-0.0122,-0.044,1143.0,0.0155,0.057,399.0,False,False,False,False
alpha191_184,ok,,0.01,0.0023,0.009,1426.0,0.0014,0.006,1012.0,0.0045,0.017,414.0,False,False,0.0019,0.008,1421.0,0.0002,0.001,1012.0,0.0062,0.024,409.0,False,False,0.0097,0.039,1411.0,0.0025,0.01,1012.0,0.0279,0.106,399.0,False,False,False,False
alpha191_185,ok,,0.0,0.0147,0.049,1626.0,0.0263,0.09,1212.0,-0.019,-0.061,414.0,False,False,0.0216,0.073,1621.0,0.0343,0.118,1212.0,-0.0162,-0.053,409.0,False,False,0.0274,0.094,1611.0,0.0428,0.145,1212.0,-0.0192,-0.068,399.0,False,False,False,False
alpha191_186,ok,,0.01,0.0281,0.111,1601.0,0.0107,0.043,1187.0,0.078,0.299,414.0,False,False,0.0276,0.112,1596.0,0.0034,0.014,1187.0,0.098,0.392,409.0,False,False,0.0336,0.141,1586.0,0.0075,0.033,1187.0,0.1114,0.443,399.0,False,False,False,False
alpha191_187,ok,,0.0,0.0182,0.073,1606.0,0.0081,0.034,1192.0,0.0471,0.17,414.0,False,False,0.0112,0.045,1601.0,-0.0033,-0.014,1192.0,0.0534,0.193,409.0,False,False,-0.0038,-0.016,1591.0,-0.0233,-0.105,1192.0,0.0543,0.204,399.0,False,False,False,False
alpha191_188,ok,,0.0,0.0026,0.011,1625.0,0.0018,0.007,1211.0,0.0052,0.021,414.0,False,False,0.0026,0.011,1620.0,0.0029,0.012,1211.0,0.0018,0.008,409.0,False,False,0.0142,0.059,1610.0,0.0151,0.062,1211.0,0.0115,0.051,399.0,True,True,True,True
alpha191_189,ok,,0.0,0.0316,0.132,1616.0,0.0236,0.104,1202.0,0.055,0.202,414.0,True,True,0.0231,0.094,1611.0,0.0138,0.059,1202.0,0.0505,0.184,409.0,True,True,0.0176,0.074,1601.0,0.0058,0.025,1202.0,0.0532,0.198,399.0,False,False,True,True
alpha191_190,ok,,0.01,-0.0011,-0.004,1588.0,-0.0017,-0.007,1174.0,0.0009,0.004,414.0,False,False,-0.0126,-0.053,1583.0,-0.0088,-0.036,1174.0,-0.0236,-0.104,409.0,False,False,-0.0157,-0.068,1573.0,0.0031,0.014,1174.0,-0.0708,-0.308,399.0,False,False,False,False
alpha191_191,ok,,0.01,0.0043,0.02,1603.0,0.0009,0.004,1189.0,0.014,0.064,414.0,False,False,0.0029,0.014,1598.0,-0.0039,-0.019,1189.0,0.0229,0.11,409.0,False,False,-0.0071,-0.035,1588.0,-0.023,-0.114,1189.0,0.0402,0.206,399.0,False,False,False,False
