factor,status,skip_reason,compute_s,h5_full_ic,h5_full_ir,h5_full_n,h5_is_ic,h5_is_ir,h5_is_n,h5_oos_ic,h5_oos_ir,h5_oos_n,h5_pass,h10_full_ic,h10_full_ir,h10_full_n,h10_is_ic,h10_is_ir,h10_is_n,h10_oos_ic,h10_oos_ir,h10_oos_n,h10_pass,gates,in_pool,h20_full_ic,h20_full_ir,h20_full_n,h20_is_ic,h20_is_ir,h20_is_n,h20_oos_ic,h20_oos_ir,h20_oos_n,h20_pass
alpha191_001,ok,,16.76,0.037,0.401,8460.0,0.0374,0.399,8046.0,0.0286,0.522,414.0,True,0.0291,0.323,8455.0,0.029,0.317,8046.0,0.03,0.594,409.0,True,"{'v1': True, 'v2': True, 'v3': True, 'a3': True, 'pass': True}",True,0.0322,0.36,8445.0,0.0322,0.354,8046.0,0.0339,0.588,399.0,True
alpha191_002,ok,,0.68,0.0015,0.01,8467.0,0.0012,0.008,8053.0,0.0057,0.042,414.0,False,0.0025,0.018,8462.0,0.0024,0.017,8053.0,0.0039,0.028,409.0,False,"{'v1': False, 'v2': False, 'v3': True, 'a3': True, 'pass': False}",False,0.0005,0.004,8452.0,0.0004,0.003,8053.0,0.0039,0.029,399.0,False
alpha191_003,ok,,3.13,-0.0322,-0.169,8782.0,-0.0327,-0.169,8368.0,-0.0231,-0.163,414.0,False,-0.0169,-0.093,8777.0,-0.0163,-0.089,8368.0,-0.0283,-0.211,409.0,False,"{'v1': False, 'v2': False, 'v3': True, 'a3': True, 'pass': False}",False,-0.0166,-0.094,8767.0,-0.0152,-0.085,8368.0,-0.045,-0.327,399.0,False
alpha191_004,ok,,8.91,0.012,0.103,8330.0,0.0126,0.107,7916.0,-0.0004,-0.005,414.0,False,0.0076,0.068,8326.0,0.0082,0.072,7917.0,-0.0026,-0.032,409.0,False,"{'v1': False, 'v2': False, 'v3': False, 'a3': True, 'pass': False}",False,0.0065,0.059,8316.0,0.0068,0.061,7917.0,0.0008,0.01,399.0,False
alpha191_005,error,TypeError: Rolling.rank() got an unexpected keyword argument 'axis',0.0,,,,,,,,,,,,,,,,,,,,,,,,,,,,,,,,
alpha191_006,ok,,4.25,0.0174,0.095,8663.0,0.0172,0.092,8249.0,0.0207,0.177,414.0,False,0.0012,0.007,8658.0,0.0001,0.001,8249.0,0.0235,0.205,409.0,False,"{'v1': False, 'v2': False, 'v3': True, 'a3': True, 'pass': False}",False,0.0011,0.006,8648.0,-0.0002,-0.001,8249.0,0.0278,0.228,399.0,False
alpha191_007,ok,,16.08,0.0233,0.175,8562.0,0.0236,0.174,8148.0,0.018,0.239,414.0,False,0.0218,0.167,8557.0,0.0219,0.165,8148.0,0.0205,0.298,409.0,False,"{'v1': True, 'v2': False, 'v3': True, 'a3': True, 'pass': False}",False,0.0268,0.205,8547.0,0.0265,0.2,8148.0,0.0322,0.446,399.0,False
alpha191_008,ok,,6.17,-0.0402,-0.211,8668.0,-0.0412,-0.214,8254.0,-0.0205,-0.144,414.0,False,-0.0206,-0.115,8663.0,-0.0205,-0.114,8254.0,-0.0213,-0.152,409.0,False,"{'v1': True, 'v2': False, 'v3': True, 'a3': True, 'pass': False}",False,-0.0173,-0.098,8653.0,-0.0165,-0.092,8254.0,-0.034,-0.233,399.0,False
alpha191_009,ok,,1.73,-0.0357,-0.205,8783.0,-0.0365,-0.208,8369.0,-0.0185,-0.135,414.0,False,-0.0174,-0.105,8778.0,-0.0173,-0.103,8369.0,-0.0204,-0.151,409.0,False,"{'v1': False, 'v2': False, 'v3': True, 'a3': True, 'pass': False}",False,-0.0127,-0.075,8768.0,-0.0118,-0.069,8369.0,-0.0313,-0.228,399.0,False
alpha191_010,ok,,6.01,-0.0401,-0.353,8300.0,-0.0412,-0.366,7886.0,-0.0193,-0.147,414.0,False,-0.0409,-0.376,8295.0,-0.0424,-0.396,7886.0,-0.0121,-0.091,409.0,False,"{'v1': True, 'v2': True, 'v3': False, 'a3': True, 'pass': False}",False,-0.0465,-0.442,8285.0,-0.0479,-0.461,7886.0,-0.0194,-0.152,399.0,False
alpha191_011,ok,,1.6,-0.0312,-0.224,8417.0,-0.032,-0.228,8003.0,-0.0158,-0.131,414.0,False,-0.0184,-0.133,8412.0,-0.0184,-0.132,8003.0,-0.0185,-0.16,409.0,False,"{'v1': False, 'v2': False, 'v3': True, 'a3': True, 'pass': False}",False,-0.0217,-0.15,8402.0,-0.0217,-0.149,8003.0,-0.0207,-0.191,399.0,False
alpha191_012,ok,,9.88,0.041,0.295,8452.0,0.0421,0.301,8038.0,0.0198,0.17,414.0,False,0.0303,0.227,8447.0,0.0305,0.227,8038.0,0.0257,0.23,409.0,False,"{'v1': True, 'v2': False, 'v3': True, 'a3': True, 'pass': False}",False,0.0367,0.27,8437.0,0.0369,0.271,8038.0,0.0319,0.258,399.0,False
alpha191_013,ok,,0.51,0.0121,0.088,8691.0,0.0127,0.091,8277.0,0.0003,0.003,414.0,False,0.0103,0.076,8686.0,0.0109,0.08,8277.0,-0.0018,-0.017,409.0,False,"{'v1': False, 'v2': False, 'v3': False, 'a3': True, 'pass': False}",False,0.0089,0.067,8676.0,0.0096,0.071,8277.0,-0.006,-0.057,399.0,False
alpha191_014,ok,,0.17,-0.0368,-0.18,8779.0,-0.0375,-0.181,8365.0,-0.0221,-0.152,414.0,False,-0.0185,-0.096,8774.0,-0.0182,-0.093,8365.0,-0.0245,-0.174,409.0,False,"{'v1': False, 'v2': False, 'v3': True, 'a3': True, 'pass': False}",False,-0.0154,-0.082,8764.0,-0.0143,-0.075,8365.0,-0.0379,-0.258,399.0,False
alpha191_015,ok,,0.31,0.0218,0.148,8780.0,0.0216,0.146,8366.0,0.0248,0.244,414.0,False,0.0214,0.151,8775.0,0.0212,0.148,8366.0,0.0256,0.249,409.0,False,"{'v1': True, 'v2': False, 'v3': True, 'a3': True, 'pass': False}",False,0.0227,0.166,8765.0,0.0224,0.162,8366.0,0.03,0.3,399.0,False
alpha191_016,ok,,17.76,0.0347,0.369,8433.0,0.0342,0.357,8019.0,0.0457,0.84,414.0,True,0.0378,0.395,8428.0,0.0373,0.383,8019.0,0.0489,0.928,409.0,True,"{'v1': True, 'v2': True, 'v3': True, 'a3': True, 'pass': True}",True,0.0405,0.441,8418.0,0.0399,0.428,8019.0,0.0521,0.965,399.0,True
alpha191_017,ok,,5.71,0.0405,0.236,8444.0,0.0418,0.241,8030.0,0.0157,0.11,414.0,False,0.0241,0.148,8440.0,0.0243,0.149,8031.0,0.0188,0.135,409.0,False,"{'v1': True, 'v2': False, 'v3': True, 'a3': True, 'pass': False}",False,0.0228,0.141,8430.0,0.0223,0.138,8031.0,0.0333,0.227,399.0,False
alpha191_018,ok,,0.18,-0.0373,-0.167,8779.0,-0.0376,-0.166,8365.0,-0.03,-0.209,414.0,False,-0.0159,-0.077,8774.0,-0.0152,-0.072,8365.0,-0.0315,-0.229,409.0,False,"{'v1': False, 'v2': False, 'v3': True, 'a3': True, 'pass': False}",False,-0.0136,-0.068,8764.0,-0.0123,-0.061,8365.0,-0.0392,-0.264,399.0,False
alpha191_019,ok,,0.89,-0.0333,-0.155,8710.0,-0.0336,-0.154,8296.0,-0.0271,-0.187,414.0,False,-0.0141,-0.07,8705.0,-0.013,-0.064,8296.0,-0.036,-0.268,409.0,False,"{'v1': False, 'v2': False, 'v3': True, 'a3': True, 'pass': False}",False,-0.0164,-0.083,8695.0,-0.015,-0.075,8296.0,-0.0441,-0.297,399.0,False
alpha191_020,ok,,0.44,-0.0333,-0.155,8710.0,-0.0336,-0.154,8296.0,-0.0271,-0.187,414.0,False,-0.0141,-0.07,8705.0,-0.013,-0.064,8296.0,-0.036,-0.268,409.0,False,"{'v1': False, 'v2': False, 'v3': True, 'a3': True, 'pass': False}",False,-0.0164,-0.083,8695.0,-0.015,-0.075,8296.0,-0.0441,-0.297,399.0,False
alpha191_021,error,AttributeError: 'numpy.ndarray' object has no attribute 'values',0.0,,,,,,,,,,,,,,,,,,,,,,,,,,,,,,,,
alpha191_022,ok,,1.9,-0.0452,-0.24,8679.0,-0.0471,-0.247,8265.0,-0.0078,-0.057,414.0,False,-0.0271,-0.149,8674.0,-0.0281,-0.153,8265.0,-0.007,-0.053,409.0,False,"{'v1': True, 'v2': False, 'v3': False, 'a3': True, 'pass': False}",False,-0.0196,-0.108,8664.0,-0.02,-0.109,8265.0,-0.0115,-0.082,399.0,False
alpha191_023,ok,,5.31,-0.0196,-0.137,8424.0,-0.0194,-0.134,8010.0,-0.0234,-0.209,414.0,False,-0.0096,-0.067,8420.0,-0.0084,-0.059,8011.0,-0.0313,-0.26,409.0,False,"{'v1': False, 'v2': False, 'v3': True, 'a3': True, 'pass': False}",False,-0.0099,-0.068,8410.0,-0.0084,-0.057,8011.0,-0.0406,-0.291,399.0,False
alpha191_024,ok,,1.02,-0.0206,-0.108,8663.0,-0.0198,-0.103,8249.0,-0.0366,-0.236,414.0,False,-0.0141,-0.076,8658.0,-0.0122,-0.065,8249.0,-0.0516,-0.356,409.0,False,"{'v1': False, 'v2': False, 'v3': True, 'a3': True, 'pass': False}",False,-0.023,-0.123,8648.0,-0.0213,-0.113,8249.0,-0.0579,-0.386,399.0,False
alpha191_025,ok,,16.26,0.038,0.193,7421.0,0.0378,0.189,7007.0,0.0422,0.312,414.0,False,0.025,0.13,7417.0,0.0235,0.12,7008.0,0.0512,0.419,409.0,False,"{'v1': True, 'v2': False, 'v3': True, 'a3': True, 'pass': False}",False,0.0267,0.139,7407.0,0.0249,0.128,7008.0,0.0581,0.436,399.0,False
alpha191_026,ok,,9.1,0.0485,0.229,6648.0,0.05,0.233,6234.0,0.0256,0.165,414.0,False,0.0371,0.183,6644.0,0.0374,0.182,6235.0,0.0325,0.219,409.0,False,"{'v1': True, 'v2': False, 'v3': True, 'a3': True, 'pass': False}",False,0.0368,0.18,6634.0,0.0362,0.175,6235.0,0.0457,0.296,399.0,False
alpha191_027,ok,,1.74,-0.0278,-0.131,8656.0,-0.026,-0.122,8242.0,-0.0624,-0.405,414.0,False,-0.0298,-0.142,8651.0,-0.0275,-0.13,8242.0,-0.076,-0.499,409.0,False,"{'v1': True, 'v2': False, 'v3': True, 'a3': True, 'pass': False}",False,-0.0435,-0.2,8641.0,-0.0413,-0.188,8242.0,-0.0883,-0.533,399.0,False
alpha191_028,ok,,8.1,-0.0204,-0.102,8771.0,-0.021,-0.104,8357.0,-0.0096,-0.071,414.0,False,0.0019,0.01,8766.0,0.0025,0.013,8357.0,-0.0116,-0.09,409.0,False,"{'v1': False, 'v2': False, 'v3': False, 'a3': True, 'pass': False}",False,0.0017,0.009,8756.0,0.0026,0.014,8357.0,-0.0181,-0.136,399.0,False
alpha191_029,ok,,0.76,-0.0359,-0.169,8710.0,-0.0363,-0.169,8296.0,-0.0275,-0.191,414.0,False,-0.0171,-0.086,8705.0,-0.0161,-0.08,8296.0,-0.0366,-0.275,409.0,False,"{'v1': False, 'v2': False, 'v3': True, 'a3': True, 'pass': False}",False,-0.0195,-0.1,8695.0,-0.0183,-0.093,8296.0,-0.0446,-0.305,399.0,False
alpha191_030,skip_not_implemented,returned None (unfinished stub),0.0,,,,,,,,,,,,,,,,,,,,,,,,,,,,,,,,
alpha191_031,ok,,2.38,-0.0456,-0.237,8448.0,-0.0461,-0.237,8034.0,-0.0355,-0.236,414.0,False,-0.0272,-0.15,8443.0,-0.0264,-0.144,8034.0,-0.0421,-0.295,409.0,False,"{'v1': True, 'v2': False, 'v3': True, 'a3': True, 'pass': False}",False,-0.0313,-0.167,8433.0,-0.0303,-0.161,8034.0,-0.0506,-0.327,399.0,False
alpha191_032,ok,,18.39,0.0366,0.44,8405.0,0.0365,0.432,7991.0,0.0381,0.772,414.0,True,0.0348,0.424,8400.0,0.0345,0.414,7991.0,0.0401,0.83,409.0,True,"{'v1': True, 'v2': True, 'v3': True, 'a3': True, 'pass': True}",True,0.0358,0.428,8390.0,0.0354,0.417,7991.0,0.0428,0.871,399.0,True
alpha191_033,skip_missing_field,KeyError: 'turn',0.0,,,,,,,,,,,,,,,,,,,,,,,,,,,,,,,,
alpha191_034,ok,,1.27,0.0456,0.237,8448.0,0.0461,0.237,8034.0,0.0355,0.236,414.0,False,0.0272,0.15,8443.0,0.0264,0.144,8034.0,0.0421,0.295,409.0,False,"{'v1': True, 'v2': False, 'v3': True, 'a3': True, 'pass': False}",False,0.0313,0.167,8433.0,0.0303,0.161,8034.0,0.0506,0.327,399.0,False
alpha191_035,ok,,15.59,0.0371,0.254,8458.0,0.0363,0.246,8044.0,0.0532,0.489,414.0,False,0.0376,0.261,8453.0,0.0363,0.25,8044.0,0.0634,0.617,409.0,False,"{'v1': True, 'v2': False, 'v3': True, 'a3': True, 'pass': False}",False,0.044,0.31,8443.0,0.0426,0.297,8044.0,0.0717,0.685,399.0,False
alpha191_036,ok,,18.02,-0.0376,-0.386,8438.0,-0.037,-0.374,8024.0,-0.0491,-0.838,414.0,True,-0.0411,-0.425,8433.0,-0.0405,-0.412,8024.0,-0.0525,-0.919,409.0,True,"{'v1': True, 'v2': True, 'v3': True, 'a3': True, 'pass': True}",True,-0.0444,-0.473,8423.0,-0.0437,-0.459,8024.0,-0.0587,-1.042,399.0,True
alpha191_037,ok,,6.84,0.0331,0.216,8437.0,0.035,0.227,8023.0,-0.0031,-0.023,414.0,False,0.0148,0.099,8433.0,0.0158,0.106,8024.0,-0.005,-0.036,409.0,False,"{'v1': False, 'v2': False, 'v3': False, 'a3': True, 'pass': False}",False,0.0104,0.067,8423.0,0.0104,0.067,8024.0,0.0093,0.07,399.0,False
alpha191_038,ok,,2.57,0.0255,0.161,8709.0,0.0255,0.159,8295.0,0.024,0.264,414.0,False,0.0154,0.101,8704.0,0.0152,0.098,8295.0,0.0197,0.219,409.0,False,"{'v1': False, 'v2': False, 'v3': True, 'a3': True, 'pass': False}",False,0.0124,0.084,8694.0,0.0117,0.078,8295.0,0.0262,0.301,399.0,False
alpha191_039,ok,,21.0,0.0278,0.136,6053.0,0.0293,0.139,5639.0,0.0078,0.073,414.0,False,0.0126,0.061,6048.0,0.0126,0.06,5639.0,0.012,0.115,409.0,False,"{'v1': False, 'v2': False, 'v3': True, 'a3': True, 'pass': False}",False,0.0054,0.026,6038.0,0.0039,0.019,5639.0,0.0261,0.249,399.0,False
alpha191_040,ok,,2.53,-0.0406,-0.267,8401.0,-0.0402,-0.263,7987.0,-0.0477,-0.355,414.0,False,-0.0431,-0.279,8397.0,-0.0425,-0.274,7988.0,-0.0542,-0.393,409.0,False,"{'v1': True, 'v2': False, 'v3': True, 'a3': True, 'pass': False}",False,-0.0513,-0.321,8387.0,-0.0505,-0.314,7988.0,-0.0675,-0.484,399.0,True
alpha191_041,ok,,7.94,0.0496,0.309,8457.0,0.0503,0.312,8043.0,0.0352,0.245,414.0,True,0.0457,0.29,8452.0,0.0458,0.289,8043.0,0.0434,0.296,409.0,False,"{'v1': True, 'v2': False, 'v3': True, 'a3': True, 'pass': False}",False,0.0617,0.378,8442.0,0.062,0.38,8043.0,0.0556,0.335,399.0,True
alpha191_042,ok,,11.59,0.0605,0.43,8452.0,0.0602,0.43,8038.0,0.0654,0.428,414.0,True,0.0731,0.533,8447.0,0.073,0.537,8038.0,0.0753,0.475,409.0,True,"{'v1': True, 'v2': True, 'v3': True, 'a3': True, 'pass': True}",True,0.0858,0.6,8437.0,0.0859,0.605,8038.0,0.084,0.523,399.0,True
alpha191_043,ok,,1.24,-0.0454,-0.295,8463.0,-0.0461,-0.296,8049.0,-0.0322,-0.283,414.0,False,-0.0346,-0.229,8458.0,-0.0343,-0.224,8049.0,-0.0414,-0.39,409.0,False,"{'v1': True, 'v2': False, 'v3': True, 'a3': True, 'pass': False}",False,-0.0401,-0.262,8448.0,-0.0397,-0.256,8049.0,-0.0482,-0.438,399.0,False
alpha191_044,ok,,36.17,-0.0296,-0.221,8383.0,-0.0305,-0.225,7969.0,-0.0134,-0.147,414.0,False,-0.0159,-0.119,8379.0,-0.016,-0.118,7970.0,-0.0132,-0.153,409.0,False,"{'v1': False, 'v2': False, 'v3': True, 'a3': True, 'pass': False}",False,-0.0106,-0.079,8369.0,-0.0105,-0.077,7970.0,-0.0136,-0.145,399.0,False
alpha191_045,ok,,10.54,-0.0261,-0.153,7241.0,-0.0266,-0.152,6827.0,-0.0182,-0.249,414.0,False,-0.0243,-0.143,7237.0,-0.0245,-0.141,6828.0,-0.0208,-0.298,409.0,False,"{'v1': True, 'v2': False, 'v3': True, 'a3': True, 'pass': False}",False,-0.0185,-0.105,7227.0,-0.0181,-0.1,6828.0,-0.0249,-0.36,399.0,False
alpha191_046,ok,,6.87,0.037,0.159,8761.0,0.0366,0.155,8347.0,0.0436,0.285,414.0,False,0.0195,0.09,8756.0,0.0182,0.082,8347.0,0.0471,0.314,409.0,False,"{'v1': False, 'v2': False, 'v3': True, 'a3': True, 'pass': False}",False,0.0227,0.107,8746.0,0.0211,0.098,8347.0,0.056,0.359,399.0,False
alpha191_047,ok,,6.73,-0.0002,-0.001,8773.0,-0.0012,-0.006,8359.0,0.0208,0.15,414.0,False,-0.0106,-0.052,8768.0,-0.0125,-0.06,8359.0,0.0281,0.202,409.0,False,"{'v1': False, 'v2': False, 'v3': False, 'a3': True, 'pass': False}",False,-0.0046,-0.022,8758.0,-0.0066,-0.031,8359.0,0.0368,0.236,399.0,False
alpha191_048,ok,,6.64,-0.0363,-0.237,8424.0,-0.0365,-0.236,8010.0,-0.0328,-0.282,414.0,False,-0.0163,-0.112,8420.0,-0.0157,-0.107,8011.0,-0.0285,-0.244,409.0,False,"{'v1': False, 'v2': False, 'v3': True, 'a3': True, 'pass': False}",False,-0.0096,-0.066,8410.0,-0.0085,-0.058,8011.0,-0.032,-0.278,399.0,False
alpha191_049,ok,,6.2,0.0111,0.054,8771.0,0.0097,0.047,8357.0,0.0391,0.287,414.0,False,0.0031,0.015,8766.0,0.0011,0.005,8357.0,0.0443,0.316,409.0,False,"{'v1': False, 'v2': False, 'v3': True, 'a3': True, 'pass': False}",False,0.0069,0.034,8756.0,0.005,0.024,8357.0,0.0483,0.315,399.0,False
alpha191_050,ok,,5.03,-0.0107,-0.053,8772.0,-0.0093,-0.045,8358.0,-0.0393,-0.289,414.0,False,-0.0027,-0.014,8767.0,-0.0006,-0.003,8358.0,-0.0445,-0.318,409.0,False,"{'v1': False, 'v2': False, 'v3': True, 'a3': True, 'pass': False}",False,-0.0087,-0.043,8757.0,-0.0068,-0.034,8358.0,-0.0484,-0.316,399.0,False
alpha191_051,ok,,5.11,-0.0086,-0.043,8772.0,-0.007,-0.035,8358.0,-0.0394,-0.289,414.0,False,-0.0005,-0.003,8767.0,0.0016,0.008,8358.0,-0.0445,-0.318,409.0,False,"{'v1': False, 'v2': False, 'v3': False, 'a3': True, 'pass': False}",False,-0.0052,-0.026,8757.0,-0.0031,-0.016,8358.0,-0.0484,-0.316,399.0,False
alpha191_052,ok,,3.85,-0.0238,-0.114,8758.0,-0.0222,-0.105,8344.0,-0.0549,-0.352,414.0,False,-0.024,-0.115,8753.0,-0.0221,-0.104,8344.0,-0.0632,-0.398,409.0,False,"{'v1': True, 'v2': False, 'v3': True, 'a3': True, 'pass': False}",False,-0.0285,-0.133,8743.0,-0.0262,-0.121,8344.0,-0.0759,-0.472,399.0,False
alpha191_053,ok,,2.49,0.0102,0.058,8776.0,0.0119,0.066,8362.0,-0.0227,-0.199,414.0,False,0.0185,0.107,8771.0,0.0208,0.118,8362.0,-0.0267,-0.235,409.0,False,"{'v1': True, 'v2': False, 'v3': False, 'a3': True, 'pass': False}",False,0.0113,0.064,8761.0,0.0136,0.076,8362.0,-0.037,-0.298,399.0,False
alpha191_054,ok,,14.16,0.0303,0.171,8775.0,0.0298,0.168,8361.0,0.0411,0.22,414.0,False,0.0303,0.174,8770.0,0.0295,0.17,8361.0,0.047,0.243,409.0,False,"{'v1': True, 'v2': False, 'v3': True, 'a3': True, 'pass': False}",False,0.0328,0.181,8760.0,0.0321,0.178,8361.0,0.0476,0.238,399.0,False
alpha191_055,ok,,8.7,-0.0333,-0.199,8424.0,-0.0318,-0.189,8010.0,-0.0634,-0.407,414.0,False,-0.0327,-0.197,8419.0,-0.0308,-0.185,8010.0,-0.0698,-0.467,409.0,False,"{'v1': True, 'v2': False, 'v3': True, 'a3': True, 'pass': False}",False,-0.0369,-0.22,8409.0,-0.0348,-0.206,8010.0,-0.0804,-0.57,399.0,False
alpha191_056,ok,,26.5,0.0185,0.179,8299.0,0.0187,0.18,7885.0,0.0133,0.17,414.0,False,0.0186,0.179,8294.0,0.0189,0.18,7885.0,0.0126,0.152,409.0,False,"{'v1': False, 'v2': False, 'v3': True, 'a3': True, 'pass': False}",False,0.024,0.223,8284.0,0.0244,0.225,7885.0,0.0169,0.176,399.0,False
alpha191_057,ok,,6.76,-0.0062,-0.029,8771.0,-0.0057,-0.027,8357.0,-0.0165,-0.119,414.0,False,0.0106,0.053,8766.0,0.0122,0.06,8357.0,-0.0219,-0.165,409.0,False,"{'v1': False, 'v2': False, 'v3': False, 'a3': True, 'pass': False}",False,0.006,0.029,8756.0,0.0076,0.037,8357.0,-0.0285,-0.194,399.0,False
alpha191_058,ok,,2.39,0.0057,0.031,8765.0,0.0074,0.04,8351.0,-0.0291,-0.247,414.0,False,0.0089,0.05,8760.0,0.0111,0.061,8351.0,-0.0347,-0.29,409.0,False,"{'v1': False, 'v2': False, 'v3': False, 'a3': True, 'pass': False}",False,0.0018,0.01,8750.0,0.0041,0.022,8351.0,-0.0449,-0.354,399.0,False
alpha191_059,ok,,3.79,-0.0213,-0.116,8764.0,-0.0194,-0.105,8350.0,-0.06,-0.411,414.0,False,-0.0219,-0.121,8759.0,-0.0197,-0.108,8350.0,-0.0673,-0.473,409.0,False,"{'v1': False, 'v2': False, 'v3': True, 'a3': True, 'pass': False}",False,-0.0302,-0.163,8749.0,-0.0279,-0.15,8350.0,-0.0765,-0.552,399.0,False
alpha191_060,ok,,2.64,-0.0259,-0.187,8358.0,-0.0263,-0.188,7944.0,-0.0188,-0.165,414.0,False,-0.0273,-0.193,8354.0,-0.0277,-0.194,7945.0,-0.0197,-0.173,409.0,False,"{'v1': True, 'v2': False, 'v3': True, 'a3': True, 'pass': False}",False,-0.0361,-0.24,8344.0,-0.0368,-0.242,7945.0,-0.0222,-0.196,399.0,False
alpha191_061,ok,,26.99,-0.0459,-0.301,8011.0,-0.0463,-0.3,7597.0,-0.0381,-0.339,414.0,True,-0.0417,-0.277,8007.0,-0.0414,-0.271,7598.0,-0.0469,-0.431,409.0,False,"{'v1': True, 'v2': False, 'v3': True, 'a3': True, 'pass': False}",False,-0.044,-0.284,7997.0,-0.0437,-0.279,7598.0,-0.0494,-0.421,399.0,False
alpha191_062,skip_missing_field,KeyError: 'turn',0.0,,,,,,,,,,,,,,,,,,,,,,,,,,,,,,,,
alpha191_063,ok,,2.24,-0.0291,-0.139,8668.0,-0.0287,-0.136,8254.0,-0.0362,-0.255,414.0,False,-0.013,-0.065,8663.0,-0.0116,-0.058,8254.0,-0.0406,-0.281,409.0,False,"{'v1': False, 'v2': False, 'v3': True, 'a3': True, 'pass': False}",False,-0.0141,-0.071,8653.0,-0.0126,-0.063,8254.0,-0.0444,-0.295,399.0,False
alpha191_064,ok,,38.74,-0.04,-0.448,7969.0,-0.0397,-0.437,7555.0,-0.0449,-0.837,414.0,True,-0.0406,-0.461,7964.0,-0.0402,-0.448,7555.0,-0.0483,-0.916,409.0,True,"{'v1': True, 'v2': True, 'v3': True, 'a3': True, 'pass': True}",True,-0.0426,-0.499,7954.0,-0.0421,-0.484,7555.0,-0.0532,-1.048,399.0,True
alpha191_065,ok,,3.82,0.0379,0.17,8779.0,0.0385,0.17,8365.0,0.0274,0.192,414.0,False,0.0154,0.075,8774.0,0.0151,0.072,8365.0,0.0226,0.159,409.0,False,"{'v1': False, 'v2': False, 'v3': True, 'a3': True, 'pass': False}",False,0.0097,0.049,8764.0,0.0087,0.044,8365.0,0.0304,0.208,399.0,False
alpha191_066,ok,,7.11,-0.0379,-0.17,8779.0,-0.0385,-0.17,8365.0,-0.0274,-0.192,414.0,False,-0.0154,-0.075,8774.0,-0.0151,-0.072,8365.0,-0.0226,-0.159,409.0,False,"{'v1': False, 'v2': False, 'v3': True, 'a3': True, 'pass': False}",False,-0.0097,-0.049,8764.0,-0.0087,-0.044,8365.0,-0.0304,-0.208,399.0,False
alpha191_067,ok,,3.99,-0.0298,-0.134,8776.0,-0.0282,-0.125,8362.0,-0.0632,-0.422,414.0,False,-0.0265,-0.12,8771.0,-0.0242,-0.109,8362.0,-0.0719,-0.451,409.0,False,"{'v1': True, 'v2': False, 'v3': True, 'a3': True, 'pass': False}",False,-0.0314,-0.139,8761.0,-0.029,-0.127,8362.0,-0.0833,-0.48,399.0,False
alpha191_068,ok,,2.35,-0.0313,-0.181,8725.0,-0.0311,-0.179,8311.0,-0.0338,-0.233,414.0,False,-0.0179,-0.104,8720.0,-0.0169,-0.098,8311.0,-0.0379,-0.26,409.0,False,"{'v1': False, 'v2': False, 'v3': True, 'a3': True, 'pass': False}",False,-0.0139,-0.081,8710.0,-0.0123,-0.071,8311.0,-0.0464,-0.333,399.0,False
alpha191_069,ok,,25.37,-0.0198,-0.108,8715.0,-0.0179,-0.097,8301.0,-0.0581,-0.404,414.0,False,-0.0209,-0.114,8710.0,-0.0187,-0.102,8301.0,-0.065,-0.449,409.0,False,"{'v1': False, 'v2': False, 'v3': True, 'a3': True, 'pass': False}",False,-0.0276,-0.148,8700.0,-0.0252,-0.134,8301.0,-0.0788,-0.52,399.0,False
alpha191_070,ok,,3.81,-0.0781,-0.493,8463.0,-0.0772,-0.486,8049.0,-0.0961,-0.621,414.0,True,-0.0917,-0.557,8458.0,-0.0906,-0.549,8049.0,-0.113,-0.743,409.0,True,"{'v1': True, 'v2': True, 'v3': True, 'a3': True, 'pass': True}",True,-0.1114,-0.645,8448.0,-0.1104,-0.636,8049.0,-0.1326,-0.86,399.0,True
alpha191_071,ok,,7.06,-0.0288,-0.123,8761.0,-0.0274,-0.116,8347.0,-0.057,-0.362,414.0,False,-0.0218,-0.098,8756.0,-0.0197,-0.087,8347.0,-0.0645,-0.416,409.0,False,"{'v1': False, 'v2': False, 'v3': True, 'a3': True, 'pass': False}",False,-0.0316,-0.142,8746.0,-0.0297,-0.131,8347.0,-0.0733,-0.452,399.0,False
alpha191_072,ok,,8.01,-0.0013,-0.006,8773.0,-0.0027,-0.013,8359.0,0.0254,0.181,414.0,False,-0.0077,-0.037,8768.0,-0.0097,-0.046,8359.0,0.0326,0.222,409.0,False,"{'v1': False, 'v2': False, 'v3': False, 'a3': True, 'pass': False}",False,-0.0022,-0.01,8758.0,-0.0043,-0.02,8359.0,0.0424,0.257,399.0,False
alpha191_073,ok,,31.64,0.024,0.197,8361.0,0.024,0.193,7947.0,0.0248,0.389,414.0,False,0.0212,0.179,8357.0,0.021,0.174,7948.0,0.0242,0.387,409.0,False,"{'v1': True, 'v2': False, 'v3': True, 'a3': True, 'pass': False}",False,0.021,0.176,8347.0,0.0209,0.172,7948.0,0.0235,0.367,399.0,False
alpha191_074,ok,,32.49,-0.0368,-0.31,8232.0,-0.0366,-0.302,7818.0,-0.0423,-0.617,414.0,True,-0.0366,-0.307,8228.0,-0.0359,-0.296,7819.0,-0.0492,-0.707,409.0,False,"{'v1': True, 'v2': False, 'v3': True, 'a3': True, 'pass': False}",False,-0.0378,-0.315,8218.0,-0.0368,-0.302,7819.0,-0.0568,-0.835,399.0,True
alpha191_075,ok,,4.34,-0.0219,-0.133,8657.0,-0.0207,-0.124,8243.0,-0.046,-0.387,414.0,False,-0.026,-0.156,8652.0,-0.0244,-0.145,8243.0,-0.057,-0.469,409.0,False,"{'v1': True, 'v2': False, 'v3': True, 'a3': True, 'pass': False}",False,-0.0306,-0.179,8642.0,-0.0288,-0.167,8243.0,-0.0696,-0.554,399.0,False
alpha191_076,ok,,6.25,-0.0064,-0.059,8424.0,-0.0064,-0.058,8010.0,-0.0064,-0.088,414.0,False,-0.0073,-0.064,8420.0,-0.0071,-0.062,8011.0,-0.0114,-0.144,409.0,False,"{'v1': False, 'v2': False, 'v3': True, 'a3': True, 'pass': False}",False,-0.0076,-0.065,8410.0,-0.0068,-0.058,8011.0,-0.0216,-0.246,399.0,False
alpha191_077,ok,,23.04,-0.008,-0.075,8305.0,-0.0074,-0.068,7891.0,-0.0194,-0.257,414.0,False,-0.0046,-0.044,8301.0,-0.0036,-0.033,7892.0,-0.0249,-0.345,409.0,False,"{'v1': False, 'v2': False, 'v3': True, 'a3': True, 'pass': False}",False,-0.0032,-0.03,8291.0,-0.0021,-0.02,7892.0,-0.0244,-0.334,399.0,False
alpha191_078,ok,,9.91,-0.0219,-0.103,8762.0,-0.0214,-0.099,8348.0,-0.0319,-0.236,414.0,False,-0.0064,-0.032,8757.0,-0.0049,-0.024,8348.0,-0.0368,-0.275,409.0,False,"{'v1': False, 'v2': False, 'v3': True, 'a3': True, 'pass': False}",False,-0.0089,-0.045,8747.0,-0.0074,-0.037,8348.0,-0.0394,-0.289,399.0,False
alpha191_079,ok,,3.78,-0.0271,-0.122,8776.0,-0.026,-0.115,8362.0,-0.0502,-0.344,414.0,False,-0.0171,-0.08,8771.0,-0.0152,-0.07,8362.0,-0.0561,-0.367,409.0,False,"{'v1': False, 'v2': False, 'v3': True, 'a3': True, 'pass': False}",False,-0.0196,-0.09,8761.0,-0.0174,-0.08,8362.0,-0.0643,-0.394,399.0,False
alpha191_080,ok,,0.41,-0.0287,-0.188,8663.0,-0.0287,-0.185,8249.0,-0.0276,-0.346,414.0,False,-0.0171,-0.12,8658.0,-0.0169,-0.116,8249.0,-0.023,-0.306,409.0,False,"{'v1': False, 'v2': False, 'v3': True, 'a3': True, 'pass': False}",False,-0.0113,-0.08,8648.0,-0.0108,-0.076,8249.0,-0.0216,-0.302,399.0,False
alpha191_081,ok,,0.9,-0.055,-0.314,8727.0,-0.0547,-0.307,8313.0,-0.0622,-0.609,414.0,True,-0.066,-0.362,8722.0,-0.0655,-0.353,8313.0,-0.0765,-0.857,409.0,True,"{'v1': True, 'v2': True, 'v3': True, 'a3': True, 'pass': True}",True,-0.0798,-0.418,8712.0,-0.0792,-0.406,8313.0,-0.0939,-1.162,399.0,True
alpha191_082,ok,,6.67,-0.0018,-0.009,8773.0,-0.0032,-0.015,8359.0,0.0266,0.188,414.0,False,-0.0064,-0.031,8768.0,-0.0084,-0.04,8359.0,0.0335,0.223,409.0,False,"{'v1': False, 'v2': False, 'v3': False, 'a3': True, 'pass': False}",False,-0.0015,-0.007,8758.0,-0.0037,-0.017,8359.0,0.043,0.257,399.0,False
alpha191_083,ok,,16.2,0.0505,0.52,8507.0,0.0501,0.508,8093.0,0.0576,0.963,414.0,True,0.0493,0.513,8502.0,0.0489,0.501,8093.0,0.058,0.975,409.0,True,"{'v1': True, 'v2': True, 'v3': True, 'a3': True, 'pass': True}",True,0.0497,0.511,8492.0,0.0491,0.497,8093.0,0.0622,1.059,399.0,True
alpha191_084,ok,,3.62,-0.0382,-0.259,8424.0,-0.0377,-0.253,8010.0,-0.0473,-0.414,414.0,False,-0.0439,-0.288,8420.0,-0.0433,-0.281,8011.0,-0.0565,-0.49,409.0,False,"{'v1': True, 'v2': False, 'v3': True, 'a3': True, 'pass': False}",False,-0.0569,-0.361,8410.0,-0.0564,-0.354,8011.0,-0.0669,-0.547,399.0,True
alpha191_085,ok,,27.69,0.0158,0.121,8343.0,0.0168,0.127,7929.0,-0.0026,-0.026,414.0,False,0.0163,0.126,8339.0,0.0171,0.131,7930.0,-0.0,-0.0,409.0,False,"{'v1': False, 'v2': False, 'v3': False, 'a3': True, 'pass': False}",False,0.0131,0.1,8329.0,0.0137,0.103,7930.0,0.0009,0.01,399.0,False
alpha191_086,ok,,2.22,0.0115,0.079,8688.0,0.012,0.081,8274.0,0.0022,0.021,414.0,False,-0.0001,-0.001,8683.0,-0.0003,-0.002,8274.0,0.0035,0.032,409.0,False,"{'v1': False, 'v2': False, 'v3': False, 'a3': True, 'pass': False}",False,-0.0003,-0.002,8673.0,-0.0004,-0.003,8274.0,0.0026,0.025,399.0,False
alpha191_087,ok,,17.63,0.0277,0.212,8433.0,0.0284,0.216,8019.0,0.0123,0.116,414.0,False,0.0142,0.111,8429.0,0.0139,0.108,8020.0,0.02,0.202,409.0,False,"{'v1': False, 'v2': False, 'v3': True, 'a3': True, 'pass': False}",False,0.0163,0.133,8419.0,0.0157,0.126,8020.0,0.0297,0.286,399.0,False
alpha191_088,ok,,0.43,-0.025,-0.111,8764.0,-0.0231,-0.101,8350.0,-0.0638,-0.399,414.0,False,-0.0278,-0.126,8759.0,-0.0257,-0.115,8350.0,-0.0702,-0.444,409.0,False,"{'v1': True, 'v2': False, 'v3': True, 'a3': True, 'pass': False}",False,-0.0392,-0.176,8749.0,-0.0373,-0.165,8350.0,-0.0804,-0.497,399.0,False
alpha191_089,ok,,4.33,-0.0159,-0.083,8784.0,-0.0158,-0.082,8370.0,-0.018,-0.117,414.0,False,-0.004,-0.021,8779.0,-0.0029,-0.016,8370.0,-0.0257,-0.177,409.0,False,"{'v1': False, 'v2': False, 'v3': True, 'a3': True, 'pass': False}",False,-0.0117,-0.065,8769.0,-0.0108,-0.059,8370.0,-0.031,-0.203,399.0,False
alpha191_090,ok,,16.88,0.0354,0.37,8493.0,0.035,0.359,8079.0,0.0438,0.813,414.0,True,0.0372,0.397,8488.0,0.0368,0.385,8079.0,0.0466,0.882,409.0,True,"{'v1': True, 'v2': True, 'v3': True, 'a3': True, 'pass': True}",True,0.0396,0.424,8478.0,0.0391,0.411,8079.0,0.0514,0.996,399.0,True
alpha191_091,ok,,21.39,0.0232,0.174,8319.0,0.0243,0.181,7905.0,0.0034,0.028,414.0,False,0.0038,0.03,8315.0,0.0042,0.032,7906.0,-0.0028,-0.023,409.0,False,"{'v1': False, 'v2': False, 'v3': False, 'a3': True, 'pass': False}",False,-0.0092,-0.073,8305.0,-0.0099,-0.077,7906.0,0.0029,0.025,399.0,False
alpha191_092,ok,,35.21,0.0449,0.25,6489.0,0.0464,0.252,6075.0,0.022,0.266,414.0,False,0.0297,0.168,6485.0,0.0304,0.168,6076.0,0.0189,0.222,409.0,False,"{'v1': True, 'v2': False, 'v3': True, 'a3': True, 'pass': False}",False,0.0267,0.152,6475.0,0.0272,0.151,6076.0,0.0198,0.24,399.0,False
alpha191_093,ok,,3.5,-0.0326,-0.17,8722.0,-0.034,-0.178,8308.0,-0.005,-0.023,414.0,False,-0.0447,-0.229,8717.0,-0.0466,-0.241,8308.0,-0.006,-0.026,409.0,False,"{'v1': True, 'v2': False, 'v3': False, 'a3': True, 'pass': False}",False,-0.0603,-0.304,8707.0,-0.063,-0.32,8308.0,-0.0046,-0.021,399.0,False
alpha191_094,ok,,3.99,-0.0417,-0.27,8382.0,-0.0413,-0.264,7968.0,-0.0493,-0.446,414.0,False,-0.0497,-0.317,8378.0,-0.0492,-0.31,7969.0,-0.0588,-0.518,409.0,True,"{'v1': True, 'v2': True, 'v3': True, 'a3': True, 'pass': True}",True,-0.0604,-0.379,8368.0,-0.0598,-0.371,7969.0,-0.0733,-0.614,399.0,True
alpha191_095,ok,,3.33,-0.0695,-0.43,8424.0,-0.0687,-0.425,8010.0,-0.0853,-0.522,414.0,True,-0.0887,-0.527,8420.0,-0.0879,-0.521,8011.0,-0.1038,-0.656,409.0,True,"{'v1': True, 'v2': True, 'v3': True, 'a3': True, 'pass': True}",True,-0.1098,-0.622,8410.0,-0.109,-0.614,8011.0,-0.1252,-0.785,399.0,True
alpha191_096,ok,,7.96,0.0065,0.031,8771.0,0.0078,0.037,8357.0,-0.02,-0.145,414.0,False,0.0154,0.077,8766.0,0.0175,0.086,8357.0,-0.0268,-0.199,409.0,False,"{'v1': False, 'v2': False, 'v3': False, 'a3': True, 'pass': False}",False,0.0068,0.033,8756.0,0.0086,0.042,8357.0,-0.0329,-0.215,399.0,False
alpha191_097,ok,,3.17,-0.0555,-0.356,8452.0,-0.0544,-0.344,8038.0,-0.0778,-0.758,414.0,True,-0.0651,-0.402,8447.0,-0.0638,-0.387,8038.0,-0.0917,-1.021,409.0,True,"{'v1': True, 'v2': True, 'v3': True, 'a3': True, 'pass': True}",True,-0.0786,-0.468,8437.0,-0.0771,-0.451,8038.0,-0.1084,-1.339,399.0,True
alpha191_098,ok,,7.76,0.0333,0.19,8685.0,0.0337,0.19,8271.0,0.0259,0.219,414.0,False,0.0306,0.177,8680.0,0.0309,0.176,8271.0,0.0242,0.2,409.0,False,"{'v1': True, 'v2': False, 'v3': True, 'a3': True, 'pass': False}",False,0.036,0.21,8670.0,0.0359,0.207,8271.0,0.0371,0.318,399.0,False
alpha191_099,ok,,16.37,0.0518,0.532,8507.0,0.0516,0.521,8093.0,0.0565,0.947,414.0,True,0.0504,0.517,8502.0,0.05,0.505,8093.0,0.0584,0.99,409.0,True,"{'v1': True, 'v2': True, 'v3': True, 'a3': True, 'pass': True}",True,0.0519,0.532,8492.0,0.0513,0.518,8093.0,0.0645,1.038,399.0,True
alpha191_100,ok,,3.01,-0.0527,-0.331,8424.0,-0.0518,-0.321,8010.0,-0.0705,-0.714,414.0,True,-0.0663,-0.402,8420.0,-0.0654,-0.389,8011.0,-0.0852,-0.998,409.0,True,"{'v1': True, 'v2': True, 'v3': True, 'a3': True, 'pass': True}",True,-0.0806,-0.464,8410.0,-0.0794,-0.448,8011.0,-0.103,-1.349,399.0,True
alpha191_101,ok,,35.01,0.0098,0.116,8231.0,0.009,0.106,7817.0,0.0237,0.436,414.0,False,0.0126,0.154,8226.0,0.012,0.145,7817.0,0.0243,0.468,409.0,False,"{'v1': False, 'v2': False, 'v3': True, 'a3': True, 'pass': False}",False,0.0154,0.18,8216.0,0.0148,0.17,7817.0,0.0276,0.564,399.0,False
alpha191_102,ok,,2.37,-0.0238,-0.155,8669.0,-0.0233,-0.149,8255.0,-0.0335,-0.38,414.0,False,-0.0109,-0.073,8664.0,-0.0101,-0.066,8255.0,-0.0275,-0.329,409.0,False,"{'v1': False, 'v2': False, 'v3': True, 'a3': True, 'pass': False}",False,-0.0056,-0.039,8654.0,-0.0046,-0.031,8255.0,-0.0271,-0.339,399.0,False
alpha191_103,ok,,5.27,-0.0082,-0.045,8755.0,-0.0102,-0.056,8341.0,0.0329,0.27,414.0,False,-0.0003,-0.002,8750.0,-0.0022,-0.012,8341.0,0.0387,0.293,409.0,False,"{'v1': False, 'v2': False, 'v3': False, 'a3': True, 'pass': False}",False,0.0078,0.042,8740.0,0.0058,0.031,8341.0,0.0509,0.375,399.0,False
alpha191_104,ok,,20.3,0.0108,0.096,8443.0,0.0107,0.094,8029.0,0.0125,0.181,414.0,False,0.0082,0.075,8438.0,0.0082,0.073,8029.0,0.0086,0.124,409.0,False,"{'v1': False, 'v2': False, 'v3': True, 'a3': True, 'pass': False}",False,0.0074,0.066,8428.0,0.0072,0.063,8029.0,0.0126,0.18,399.0,False
alpha191_105,ok,,13.36,0.0311,0.35,8424.0,0.0306,0.34,8010.0,0.0405,0.728,414.0,True,0.0395,0.453,8419.0,0.0392,0.442,8010.0,0.0465,0.85,409.0,True,"{'v1': True, 'v2': True, 'v3': True, 'a3': True, 'pass': True}",True,0.0423,0.479,8409.0,0.0418,0.466,8010.0,0.0521,0.975,399.0,True
alpha191_106,ok,,0.19,-0.0261,-0.13,8764.0,-0.0244,-0.121,8350.0,-0.0619,-0.393,414.0,False,-0.0281,-0.143,8759.0,-0.0262,-0.132,8350.0,-0.0671,-0.434,409.0,False,"{'v1': True, 'v2': False, 'v3': True, 'a3': True, 'pass': False}",False,-0.036,-0.179,8749.0,-0.0343,-0.169,8350.0,-0.0718,-0.477,399.0,False
alpha191_107,ok,,13.1,-0.0156,-0.102,8783.0,-0.0151,-0.098,8369.0,-0.0238,-0.199,414.0,False,-0.0225,-0.154,8778.0,-0.0222,-0.15,8369.0,-0.03,-0.247,409.0,False,"{'v1': True, 'v2': False, 'v3': True, 'a3': True, 'pass': False}",False,-0.0263,-0.186,8768.0,-0.0261,-0.183,8369.0,-0.0302,-0.253,399.0,False
alpha191_108,ok,,16.92,0.0262,0.163,7815.0,0.0269,0.165,7401.0,0.0131,0.142,414.0,False,0.0229,0.15,7811.0,0.0233,0.15,7402.0,0.0153,0.169,409.0,False,"{'v1': True, 'v2': False, 'v3': True, 'a3': True, 'pass': False}",False,0.023,0.151,7801.0,0.0233,0.151,7402.0,0.017,0.188,399.0,False
alpha191_109,ok,,4.46,-0.0358,-0.204,8767.0,-0.0353,-0.198,8353.0,-0.0456,-0.426,414.0,False,-0.0239,-0.143,8762.0,-0.0227,-0.134,8353.0,-0.0484,-0.484,409.0,False,"{'v1': True, 'v2': False, 'v3': True, 'a3': True, 'pass': False}",False,-0.0234,-0.141,8752.0,-0.0221,-0.132,8353.0,-0.0497,-0.487,399.0,False
alpha191_110,ok,,6.75,-0.0163,-0.087,8764.0,-0.0143,-0.076,8350.0,-0.0552,-0.38,414.0,False,-0.0151,-0.081,8759.0,-0.0128,-0.069,8350.0,-0.0604,-0.403,409.0,False,"{'v1': False, 'v2': False, 'v3': True, 'a3': True, 'pass': False}",False,-0.018,-0.095,8749.0,-0.0157,-0.082,8350.0,-0.0665,-0.422,399.0,False
alpha191_111,ok,,2.81,0.0302,0.212,8474.0,0.0313,0.218,8060.0,0.0087,0.074,414.0,False,0.0173,0.123,8469.0,0.0181,0.128,8060.0,0.0019,0.016,409.0,False,"{'v1': False, 'v2': False, 'v3': False, 'a3': True, 'pass': False}",False,0.008,0.056,8459.0,0.0081,0.057,8060.0,0.0051,0.047,399.0,False
alpha191_112,ok,,14.52,-0.0115,-0.053,8771.0,-0.01,-0.046,8357.0,-0.0405,-0.289,414.0,False,-0.0013,-0.006,8766.0,0.0008,0.004,8357.0,-0.0453,-0.312,409.0,False,"{'v1': False, 'v2': False, 'v3': False, 'a3': True, 'pass': False}",False,-0.0046,-0.021,8756.0,-0.0024,-0.011,8357.0,-0.05,-0.314,399.0,False
alpha191_113,ok,,32.88,0.044,0.327,8411.0,0.0446,0.33,7997.0,0.0331,0.274,414.0,True,0.0539,0.399,8407.0,0.0548,0.404,7998.0,0.0364,0.293,409.0,True,"{'v1': True, 'v2': True, 'v3': True, 'a3': True, 'pass': True}",True,0.0639,0.464,8397.0,0.0652,0.472,7998.0,0.0377,0.288,399.0,True
alpha191_114,ok,,16.7,0.0336,0.191,8689.0,0.0344,0.195,8275.0,0.017,0.115,414.0,False,0.0226,0.131,8684.0,0.0232,0.134,8275.0,0.0086,0.059,409.0,False,"{'v1': True, 'v2': False, 'v3': False, 'a3': True, 'pass': False}",False,0.0171,0.101,8674.0,0.0171,0.101,8275.0,0.0163,0.116,399.0,False
alpha191_115,ok,,40.16,-0.0034,-0.029,8339.0,-0.0046,-0.039,7925.0,0.0199,0.322,414.0,False,0.0028,0.024,8335.0,0.0019,0.016,7926.0,0.0208,0.344,409.0,False,"{'v1': False, 'v2': False, 'v3': True, 'a3': True, 'pass': False}",False,0.0086,0.074,8325.0,0.0077,0.065,7926.0,0.0259,0.425,399.0,False
alpha191_116,error,AttributeError: 'numpy.ndarray' object has no attribute 'values',0.0,,,,,,,,,,,,,,,,,,,,,,,,,,,,,,,,
alpha191_117,ok,,53.09,0.0323,0.224,8368.0,0.0336,0.231,7954.0,0.0071,0.064,414.0,False,0.0192,0.139,8364.0,0.0199,0.143,7955.0,0.0041,0.036,409.0,False,"{'v1': False, 'v2': False, 'v3': False, 'a3': True, 'pass': False}",False,0.0121,0.09,8354.0,0.0123,0.09,7955.0,0.0089,0.082,399.0,False
alpha191_118,ok,,6.55,-0.0314,-0.191,8664.0,-0.0297,-0.179,8250.0,-0.0668,-0.477,414.0,False,-0.0307,-0.183,8659.0,-0.0285,-0.169,8250.0,-0.0762,-0.554,409.0,False,"{'v1': True, 'v2': False, 'v3': True, 'a3': True, 'pass': False}",False,-0.0375,-0.229,8649.0,-0.0349,-0.212,8250.0,-0.0917,-0.651,399.0,False
alpha191_119,ok,,42.41,-0.0085,-0.082,8276.0,-0.0091,-0.086,7862.0,0.0012,0.022,414.0,False,-0.0021,-0.021,8272.0,-0.0023,-0.022,7863.0,0.001,0.019,409.0,False,"{'v1': False, 'v2': False, 'v3': False, 'a3': True, 'pass': False}",False,0.0041,0.04,8262.0,0.004,0.038,7863.0,0.007,0.152,399.0,False
alpha191_120,ok,,8.45,0.057,0.36,8727.0,0.0585,0.37,8313.0,0.027,0.167,414.0,False,0.0607,0.38,8722.0,0.0625,0.393,8313.0,0.0244,0.15,409.0,False,"{'v1': True, 'v2': True, 'v3': False, 'a3': True, 'pass': False}",False,0.0723,0.451,8712.0,0.0742,0.464,8313.0,0.0329,0.2,399.0,False
alpha191_121,ok,,41.42,0.0477,0.287,8203.0,0.0485,0.29,7789.0,0.0321,0.227,414.0,False,0.0421,0.264,8198.0,0.0424,0.265,7789.0,0.0358,0.248,409.0,False,"{'v1': True, 'v2': False, 'v3': True, 'a3': True, 'pass': False}",False,0.0543,0.337,8188.0,0.0548,0.34,7789.0,0.0453,0.277,399.0,True
alpha191_122,ok,,3.98,-0.04,-0.231,8783.0,-0.0392,-0.225,8369.0,-0.0564,-0.346,414.0,False,-0.0491,-0.282,8778.0,-0.0482,-0.276,8369.0,-0.0665,-0.395,409.0,False,"{'v1': True, 'v2': False, 'v3': True, 'a3': True, 'pass': False}",False,-0.0596,-0.321,8768.0,-0.0585,-0.313,8369.0,-0.0841,-0.501,399.0,True
alpha191_123,ok,,35.47,0.0109,0.092,8154.0,0.0105,0.087,7740.0,0.0177,0.342,414.0,False,0.0113,0.098,8150.0,0.0111,0.094,7741.0,0.016,0.305,409.0,False,"{'v1': False, 'v2': False, 'v3': True, 'a3': True, 'pass': False}",False,0.0167,0.141,8140.0,0.0165,0.136,7741.0,0.0217,0.453,399.0,False
alpha191_124,ok,,6.79,-0.0265,-0.15,8675.0,-0.0268,-0.151,8261.0,-0.0198,-0.137,414.0,False,-0.0145,-0.086,8670.0,-0.0147,-0.087,8261.0,-0.0106,-0.074,409.0,False,"{'v1': False, 'v2': False, 'v3': True, 'a3': True, 'pass': False}",False,-0.0082,-0.051,8660.0,-0.0078,-0.048,8261.0,-0.0162,-0.12,399.0,False
alpha191_125,ok,,19.86,0.0079,0.049,7868.0,0.008,0.049,7454.0,0.0057,0.05,414.0,False,0.0005,0.003,7864.0,-0.0003,-0.002,7455.0,0.0159,0.147,409.0,False,"{'v1': False, 'v2': False, 'v3': False, 'a3': True, 'pass': False}",False,0.0053,0.034,7854.0,0.0046,0.028,7455.0,0.0198,0.185,399.0,False
alpha191_126,ok,,0.4,-0.0489,-0.288,8784.0,-0.0508,-0.302,8370.0,-0.0114,-0.058,414.0,False,-0.0634,-0.365,8779.0,-0.0658,-0.383,8370.0,-0.0148,-0.073,409.0,False,"{'v1': True, 'v2': True, 'v3': False, 'a3': True, 'pass': False}",False,-0.0838,-0.472,8769.0,-0.0869,-0.495,8370.0,-0.0186,-0.09,399.0,False
alpha191_127,ok,,6.3,-0.0163,-0.07,8762.0,-0.0168,-0.072,8348.0,-0.0061,-0.034,414.0,False,-0.0181,-0.079,8757.0,-0.0186,-0.08,8348.0,-0.0082,-0.046,409.0,False,"{'v1': False, 'v2': False, 'v3': False, 'a3': True, 'pass': False}",False,-0.0175,-0.076,8747.0,-0.0181,-0.078,8348.0,-0.0058,-0.033,399.0,False
alpha191_128,ok,,6.77,-0.0291,-0.189,8442.0,-0.0284,-0.184,8028.0,-0.0414,-0.323,414.0,False,-0.0247,-0.162,8438.0,-0.0235,-0.154,8029.0,-0.0475,-0.36,409.0,False,"{'v1': True, 'v2': False, 'v3': True, 'a3': True, 'pass': False}",False,-0.0329,-0.212,8428.0,-0.0317,-0.204,8029.0,-0.0565,-0.398,399.0,False
alpha191_129,ok,,3.13,-0.044,-0.209,8771.0,-0.0451,-0.215,8357.0,-0.0205,-0.092,414.0,False,-0.0613,-0.295,8766.0,-0.0632,-0.305,8357.0,-0.0238,-0.104,409.0,False,"{'v1': True, 'v2': True, 'v3': False, 'a3': True, 'pass': False}",False,-0.0805,-0.382,8756.0,-0.0831,-0.397,8357.0,-0.0258,-0.113,399.0,False
alpha191_130,ok,,35.37,0.019,0.182,8263.0,0.0187,0.176,7849.0,0.0243,0.455,414.0,False,0.0239,0.233,8259.0,0.0238,0.228,7850.0,0.0246,0.49,409.0,False,"{'v1': True, 'v2': False, 'v3': True, 'a3': True, 'pass': False}",False,0.0243,0.237,8249.0,0.0241,0.231,7850.0,0.0284,0.563,399.0,False
alpha191_131,ok,,35.81,-0.0332,-0.229,8203.0,-0.0341,-0.233,7789.0,-0.0164,-0.15,414.0,False,-0.0227,-0.161,8199.0,-0.0234,-0.165,7790.0,-0.0079,-0.072,409.0,False,"{'v1': True, 'v2': False, 'v3': False, 'a3': True, 'pass': False}",False,-0.0178,-0.125,8189.0,-0.0179,-0.124,7790.0,-0.0155,-0.14,399.0,False
alpha191_132,ok,,2.44,-0.0585,-0.357,8424.0,-0.0576,-0.352,8010.0,-0.0762,-0.454,414.0,True,-0.0778,-0.454,8420.0,-0.0769,-0.448,8011.0,-0.0945,-0.579,409.0,True,"{'v1': True, 'v2': True, 'v3': True, 'a3': True, 'pass': True}",True,-0.0999,-0.554,8410.0,-0.0991,-0.547,8011.0,-0.1169,-0.713,399.0,True
alpha191_133,ok,,10.25,-0.0034,-0.018,8768.0,-0.0012,-0.006,8354.0,-0.0474,-0.357,414.0,False,-0.0069,-0.037,8763.0,-0.0047,-0.025,8354.0,-0.0524,-0.373,409.0,False,"{'v1': False, 'v2': False, 'v3': True, 'a3': True, 'pass': False}",False,-0.0156,-0.081,8753.0,-0.0136,-0.07,8354.0,-0.0576,-0.4,399.0,False
alpha191_134,ok,,0.7,-0.0259,-0.13,8716.0,-0.025,-0.124,8302.0,-0.0445,-0.338,414.0,False,-0.0208,-0.107,8711.0,-0.0191,-0.097,8302.0,-0.0551,-0.432,409.0,False,"{'v1': False, 'v2': False, 'v3': True, 'a3': True, 'pass': False}",False,-0.0298,-0.151,8701.0,-0.0283,-0.141,8302.0,-0.0602,-0.447,399.0,False
alpha191_135,ok,,1.71,-0.0181,-0.081,8771.0,-0.0159,-0.07,8357.0,-0.0629,-0.385,414.0,False,-0.0304,-0.136,8766.0,-0.0282,-0.125,8357.0,-0.0753,-0.449,409.0,False,"{'v1': True, 'v2': False, 'v3': True, 'a3': True, 'pass': False}",False,-0.0446,-0.191,8756.0,-0.0425,-0.18,8357.0,-0.0891,-0.537,399.0,False
alpha191_136,ok,,15.02,0.0234,0.181,8452.0,0.023,0.176,8038.0,0.031,0.362,414.0,False,0.0272,0.217,8447.0,0.0267,0.21,8038.0,0.0364,0.441,409.0,False,"{'v1': True, 'v2': False, 'v3': True, 'a3': True, 'pass': False}",False,0.0245,0.193,8437.0,0.0236,0.183,8038.0,0.0432,0.546,399.0,False
alpha191_137,ok,,6.63,-0.0268,-0.141,8783.0,-0.0269,-0.14,8369.0,-0.0237,-0.168,414.0,False,-0.0121,-0.067,8778.0,-0.012,-0.066,8369.0,-0.013,-0.091,409.0,False,"{'v1': False, 'v2': False, 'v3': True, 'a3': True, 'pass': False}",False,-0.007,-0.041,8768.0,-0.0061,-0.035,8369.0,-0.026,-0.188,399.0,False
alpha191_138,ok,,68.14,0.0121,0.056,6367.0,0.0118,0.053,5953.0,0.0175,0.198,414.0,False,0.0117,0.055,6362.0,0.0109,0.049,5953.0,0.0232,0.261,409.0,False,"{'v1': False, 'v2': False, 'v3': True, 'a3': True, 'pass': False}",False,0.0137,0.063,6352.0,0.0127,0.057,5953.0,0.0288,0.324,399.0,False
alpha191_139,ok,,9.77,0.0295,0.232,8452.0,0.0287,0.223,8038.0,0.0446,0.508,414.0,False,0.0336,0.269,8447.0,0.0326,0.258,8038.0,0.0529,0.628,409.0,False,"{'v1': True, 'v2': False, 'v3': True, 'a3': True, 'pass': False}",False,0.0322,0.249,8437.0,0.0308,0.235,8038.0,0.0605,0.748,399.0,False
alpha191_140,ok,,59.97,0.052,0.324,7963.0,0.0523,0.32,7549.0,0.0482,0.516,414.0,True,0.0449,0.285,7958.0,0.0447,0.279,7549.0,0.0479,0.516,409.0,False,"{'v1': True, 'v2': False, 'v3': True, 'a3': True, 'pass': False}",False,0.0464,0.296,7948.0,0.0462,0.29,7549.0,0.0518,0.488,399.0,False
alpha191_141,ok,,18.74,0.0144,0.169,8387.0,0.0144,0.167,7973.0,0.0133,0.318,414.0,False,0.017,0.204,8383.0,0.017,0.201,7974.0,0.016,0.39,409.0,False,"{'v1': False, 'v2': False, 'v3': True, 'a3': True, 'pass': False}",False,0.0214,0.247,8373.0,0.0216,0.244,7974.0,0.0171,0.421,399.0,False
alpha191_142,ok,,27.06,0.0148,0.104,8408.0,0.0153,0.107,7994.0,0.0049,0.04,414.0,False,-0.0002,-0.001,8404.0,-0.0002,-0.001,7995.0,-0.0004,-0.003,409.0,False,"{'v1': False, 'v2': False, 'v3': True, 'a3': True, 'pass': False}",False,-0.0077,-0.058,8394.0,-0.0082,-0.061,7995.0,0.0005,0.004,399.0,False
alpha191_143,skip_not_implemented,returned None (unfinished stub),0.0,,,,,,,,,,,,,,,,,,,,,,,,,,,,,,,,
alpha191_144,ok,,6.07,-0.0053,-0.026,8404.0,-0.0037,-0.018,7990.0,-0.0362,-0.17,414.0,False,-0.0051,-0.025,8400.0,-0.0032,-0.016,7991.0,-0.0408,-0.19,409.0,False,"{'v1': False, 'v2': False, 'v3': True, 'a3': True, 'pass': False}",False,-0.0061,-0.029,8390.0,-0.0043,-0.02,7991.0,-0.0426,-0.196,399.0,False
alpha191_145,ok,,6.09,-0.0242,-0.166,8401.0,-0.0231,-0.156,7987.0,-0.0451,-0.461,414.0,False,-0.0191,-0.129,8397.0,-0.0176,-0.117,7988.0,-0.0486,-0.526,409.0,False,"{'v1': False, 'v2': False, 'v3': True, 'a3': True, 'pass': False}",False,-0.0218,-0.152,8387.0,-0.0206,-0.142,7988.0,-0.0465,-0.494,399.0,False
alpha191_146,ok,,6.21,-0.0088,-0.055,8764.0,-0.0089,-0.055,8350.0,-0.0067,-0.074,414.0,False,-0.0089,-0.058,8759.0,-0.0089,-0.057,8350.0,-0.0082,-0.09,409.0,False,"{'v1': False, 'v2': False, 'v3': True, 'a3': True, 'pass': False}",False,-0.0076,-0.051,8749.0,-0.0077,-0.051,8350.0,-0.0063,-0.073,399.0,False
alpha191_147,error,AttributeError: 'numpy.ndarray' object has no attribute 'values',0.0,,,,,,,,,,,,,,,,,,,,,,,,,,,,,,,,
alpha191_148,ok,,28.05,0.0192,0.154,8225.0,0.019,0.151,7811.0,0.0232,0.232,414.0,False,0.0219,0.179,8221.0,0.0219,0.177,7812.0,0.0224,0.214,409.0,False,"{'v1': True, 'v2': False, 'v3': True, 'a3': True, 'pass': False}",False,0.0318,0.259,8211.0,0.0319,0.259,7812.0,0.0286,0.252,399.0,False
alpha191_149,error,"ValueError: operands could not be broadcast together with shapes (8792,5222) (8792,) ",0.0,,,,,,,,,,,,,,,,,,,,,,,,,,,,,,,,
alpha191_150,ok,,1.29,-0.0562,-0.329,8727.0,-0.0581,-0.343,8313.0,-0.0189,-0.094,414.0,False,-0.0707,-0.401,8722.0,-0.073,-0.419,8313.0,-0.0237,-0.114,409.0,False,"{'v1': True, 'v2': True, 'v3': False, 'a3': True, 'pass': False}",False,-0.0915,-0.508,8712.0,-0.0945,-0.531,8313.0,-0.0291,-0.138,399.0,False
alpha191_151,ok,,1.78,-0.0214,-0.108,8764.0,-0.0199,-0.099,8350.0,-0.0526,-0.341,414.0,False,-0.0291,-0.143,8759.0,-0.0273,-0.133,8350.0,-0.0653,-0.428,409.0,False,"{'v1': True, 'v2': False, 'v3': True, 'a3': True, 'pass': False}",False,-0.0352,-0.168,8749.0,-0.0333,-0.158,8350.0,-0.0736,-0.51,399.0,False
alpha191_152,ok,,6.8,-0.0121,-0.067,8748.0,-0.0118,-0.064,8334.0,-0.0188,-0.131,414.0,False,-0.0193,-0.106,8743.0,-0.0192,-0.104,8334.0,-0.0215,-0.156,409.0,False,"{'v1': False, 'v2': False, 'v3': True, 'a3': True, 'pass': False}",False,-0.0196,-0.107,8733.0,-0.0191,-0.102,8334.0,-0.0314,-0.261,399.0,False
alpha191_153,ok,,12.98,-0.0439,-0.261,8761.0,-0.0457,-0.274,8347.0,-0.0088,-0.045,414.0,False,-0.0589,-0.338,8756.0,-0.0612,-0.355,8347.0,-0.0117,-0.058,409.0,False,"{'v1': True, 'v2': True, 'v3': False, 'a3': True, 'pass': False}",False,-0.0795,-0.447,8746.0,-0.0826,-0.47,8347.0,-0.015,-0.073,399.0,False
alpha191_154,ok,,13.1,0.0095,0.126,7422.0,0.0088,0.116,7008.0,0.023,0.269,414.0,False,0.01,0.128,7418.0,0.009,0.116,7009.0,0.0265,0.297,409.0,False,"{'v1': False, 'v2': False, 'v3': True, 'a3': True, 'pass': False}",False,0.0127,0.154,7408.0,0.0116,0.142,7009.0,0.0326,0.333,399.0,False
alpha191_155,ok,,4.53,-0.0199,-0.128,8727.0,-0.0197,-0.124,8313.0,-0.0234,-0.266,414.0,False,-0.0074,-0.047,8722.0,-0.0066,-0.041,8313.0,-0.023,-0.295,409.0,False,"{'v1': False, 'v2': False, 'v3': True, 'a3': True, 'pass': False}",False,-0.002,-0.012,8712.0,-0.0011,-0.007,8313.0,-0.0204,-0.249,399.0,False
alpha191_156,ok,,11.22,0.0301,0.223,8547.0,0.0297,0.219,8133.0,0.0372,0.306,414.0,False,0.0396,0.288,8542.0,0.0389,0.282,8133.0,0.053,0.419,409.0,False,"{'v1': True, 'v2': False, 'v3': True, 'a3': True, 'pass': False}",False,0.05,0.359,8532.0,0.0495,0.354,8133.0,0.0617,0.478,399.0,True
alpha191_157,ok,,30.87,0.0284,0.166,8773.0,0.0287,0.165,8359.0,0.0242,0.198,414.0,False,0.0251,0.151,8768.0,0.0246,0.146,8359.0,0.0357,0.304,409.0,False,"{'v1': True, 'v2': False, 'v3': True, 'a3': True, 'pass': False}",False,0.0362,0.222,8758.0,0.0357,0.217,8359.0,0.0452,0.354,399.0,False
alpha191_158,ok,,4.42,-0.0571,-0.291,8748.0,-0.057,-0.289,8334.0,-0.0598,-0.336,414.0,False,-0.0522,-0.274,8743.0,-0.0516,-0.27,8334.0,-0.0635,-0.357,409.0,False,"{'v1': True, 'v2': False, 'v3': True, 'a3': True, 'pass': False}",False,-0.0539,-0.288,8733.0,-0.0536,-0.286,8334.0,-0.061,-0.338,399.0,False
alpha191_159,ok,,20.66,-0.0547,-0.25,8760.0,-0.0541,-0.248,8346.0,-0.0654,-0.294,414.0,False,-0.0551,-0.255,8755.0,-0.0544,-0.253,8346.0,-0.0686,-0.302,409.0,False,"{'v1': True, 'v2': False, 'v3': True, 'a3': True, 'pass': False}",False,-0.0605,-0.276,8745.0,-0.0601,-0.275,8346.0,-0.0699,-0.299,399.0,False
alpha191_160,ok,,6.71,-0.0408,-0.215,8765.0,-0.0422,-0.225,8351.0,-0.012,-0.053,414.0,False,-0.0552,-0.282,8760.0,-0.0572,-0.296,8351.0,-0.0134,-0.057,409.0,False,"{'v1': True, 'v2': False, 'v3': False, 'a3': True, 'pass': False}",False,-0.0729,-0.362,8750.0,-0.0756,-0.38,8351.0,-0.0157,-0.067,399.0,False
alpha191_161,ok,,3.82,-0.0566,-0.315,8772.0,-0.0579,-0.326,8358.0,-0.0312,-0.14,414.0,True,-0.071,-0.385,8767.0,-0.0728,-0.4,8358.0,-0.0348,-0.151,409.0,False,"{'v1': True, 'v2': True, 'v3': False, 'a3': True, 'pass': False}",False,-0.0919,-0.488,8757.0,-0.0945,-0.509,8358.0,-0.0377,-0.16,399.0,False
alpha191_162,ok,,6.66,-0.0121,-0.061,8757.0,-0.0124,-0.062,8343.0,-0.006,-0.044,414.0,False,0.0077,0.041,8752.0,0.0083,0.044,8343.0,-0.0036,-0.027,409.0,False,"{'v1': False, 'v2': False, 'v3': False, 'a3': True, 'pass': False}",False,0.0133,0.073,8742.0,0.0142,0.077,8343.0,-0.0054,-0.041,399.0,False
alpha191_163,ok,,6.89,0.0267,0.181,8418.0,0.0276,0.187,8004.0,0.01,0.068,414.0,False,0.016,0.112,8414.0,0.0168,0.117,8005.0,-0.0005,-0.003,409.0,False,"{'v1': False, 'v2': False, 'v3': False, 'a3': True, 'pass': False}",False,0.008,0.057,8404.0,0.0081,0.058,8005.0,0.0065,0.048,399.0,False
alpha191_164,ok,,5.02,-0.0546,-0.3,8755.0,-0.056,-0.312,8341.0,-0.0266,-0.119,414.0,False,-0.068,-0.369,8750.0,-0.0698,-0.385,8341.0,-0.0295,-0.128,409.0,False,"{'v1': True, 'v2': True, 'v3': False, 'a3': True, 'pass': False}",False,-0.0866,-0.465,8740.0,-0.0892,-0.487,8341.0,-0.0319,-0.135,399.0,False
alpha191_165,ok,,14.77,-0.0165,-0.095,8643.0,-0.0175,-0.101,8229.0,0.0021,0.013,414.0,False,-0.0227,-0.129,8638.0,-0.0239,-0.135,8229.0,0.0018,0.011,409.0,False,"{'v1': True, 'v2': False, 'v3': False, 'a3': True, 'pass': False}",False,-0.0333,-0.186,8628.0,-0.0346,-0.193,8229.0,-0.0064,-0.037,399.0,False
alpha191_166,ok,,11.55,-0.0128,-0.064,8745.0,-0.0119,-0.059,8331.0,-0.031,-0.209,414.0,False,-0.0036,-0.019,8740.0,-0.0023,-0.012,8331.0,-0.0313,-0.225,409.0,False,"{'v1': False, 'v2': False, 'v3': True, 'a3': True, 'pass': False}",False,-0.0104,-0.055,8730.0,-0.0095,-0.05,8331.0,-0.0297,-0.208,399.0,False
alpha191_167,ok,,3.03,-0.0448,-0.225,8772.0,-0.0448,-0.226,8358.0,-0.0449,-0.216,414.0,False,-0.0544,-0.272,8767.0,-0.0546,-0.274,8358.0,-0.0508,-0.237,409.0,False,"{'v1': True, 'v2': False, 'v3': True, 'a3': True, 'pass': False}",False,-0.0762,-0.38,8757.0,-0.0771,-0.387,8358.0,-0.0566,-0.254,399.0,True
alpha191_168,ok,,2.08,0.0282,0.19,8424.0,0.0276,0.183,8010.0,0.0398,0.424,414.0,False,0.0137,0.096,8420.0,0.0125,0.087,8011.0,0.0367,0.419,409.0,False,"{'v1': False, 'v2': False, 'v3': True, 'a3': True, 'pass': False}",False,0.0091,0.064,8410.0,0.0077,0.054,8011.0,0.0362,0.414,399.0,False
alpha191_169,ok,,6.61,-0.0109,-0.062,8757.0,-0.0097,-0.055,8343.0,-0.035,-0.235,414.0,False,-0.0191,-0.109,8752.0,-0.0183,-0.104,8343.0,-0.0357,-0.242,409.0,False,"{'v1': False, 'v2': False, 'v3': True, 'a3': True, 'pass': False}",False,-0.0259,-0.146,8742.0,-0.0254,-0.143,8343.0,-0.035,-0.252,399.0,False
alpha191_170,ok,,18.0,0.0273,0.175,8424.0,0.0292,0.187,8010.0,-0.011,-0.08,414.0,False,0.0151,0.102,8420.0,0.0162,0.109,8011.0,-0.0052,-0.039,409.0,False,"{'v1': False, 'v2': False, 'v3': False, 'a3': True, 'pass': False}",False,0.0164,0.112,8410.0,0.0169,0.115,8011.0,0.0079,0.058,399.0,False
alpha191_171,ok,,1.87,0.0199,0.136,8733.0,0.0206,0.139,8319.0,0.0068,0.059,414.0,False,0.011,0.078,8728.0,0.0117,0.083,8319.0,-0.0034,-0.029,409.0,False,"{'v1': False, 'v2': False, 'v3': False, 'a3': True, 'pass': False}",False,0.0077,0.056,8718.0,0.0082,0.06,8319.0,-0.0037,-0.034,399.0,False
alpha191_172,ok,,15.74,0.0038,0.023,8765.0,0.0041,0.025,8351.0,-0.0032,-0.039,414.0,False,0.0109,0.069,8760.0,0.0114,0.071,8351.0,0.0011,0.015,409.0,False,"{'v1': False, 'v2': False, 'v3': False, 'a3': True, 'pass': False}",False,0.0176,0.113,8750.0,0.0183,0.116,8351.0,0.0031,0.038,399.0,False
alpha191_173,ok,,5.52,-0.049,-0.288,8784.0,-0.0507,-0.302,8370.0,-0.0127,-0.065,414.0,False,-0.0643,-0.37,8779.0,-0.0666,-0.388,8370.0,-0.0167,-0.083,409.0,False,"{'v1': True, 'v2': True, 'v3': False, 'a3': True, 'pass': False}",False,-0.0853,-0.48,8769.0,-0.0884,-0.503,8370.0,-0.0205,-0.099,399.0,False
alpha191_174,ok,,7.36,-0.0347,-0.179,8765.0,-0.0355,-0.186,8351.0,-0.0167,-0.073,414.0,False,-0.045,-0.231,8760.0,-0.0463,-0.24,8351.0,-0.0188,-0.08,409.0,False,"{'v1': True, 'v2': False, 'v3': False, 'a3': True, 'pass': False}",False,-0.0633,-0.323,8750.0,-0.0652,-0.337,8351.0,-0.0227,-0.094,399.0,False
alpha191_175,ok,,4.09,-0.0612,-0.34,8778.0,-0.0625,-0.352,8364.0,-0.0363,-0.166,414.0,True,-0.0738,-0.401,8773.0,-0.0754,-0.416,8364.0,-0.0402,-0.178,409.0,True,"{'v1': True, 'v2': True, 'v3': True, 'a3': True, 'pass': True}",True,-0.0933,-0.497,8763.0,-0.0956,-0.517,8364.0,-0.0431,-0.187,399.0,False
alpha191_176,ok,,18.94,-0.0368,-0.431,8448.0,-0.0367,-0.423,8034.0,-0.0392,-0.752,414.0,True,-0.0378,-0.454,8443.0,-0.0375,-0.444,8034.0,-0.042,-0.791,409.0,True,"{'v1': True, 'v2': True, 'v3': True, 'a3': True, 'pass': True}",True,-0.0436,-0.511,8433.0,-0.0435,-0.502,8034.0,-0.0472,-0.914,399.0,True
alpha191_177,ok,,5.03,-0.0104,-0.058,8767.0,-0.0085,-0.047,8353.0,-0.0482,-0.398,414.0,False,-0.0096,-0.054,8762.0,-0.0074,-0.042,8353.0,-0.0529,-0.419,409.0,False,"{'v1': False, 'v2': False, 'v3': True, 'a3': True, 'pass': False}",False,-0.0141,-0.078,8752.0,-0.0122,-0.067,8353.0,-0.053,-0.414,399.0,False
alpha191_178,ok,,0.67,-0.0191,-0.104,8724.0,-0.0196,-0.105,8310.0,-0.01,-0.077,414.0,False,-0.0091,-0.052,8719.0,-0.0093,-0.052,8310.0,-0.0058,-0.045,409.0,False,"{'v1': False, 'v2': False, 'v3': True, 'a3': True, 'pass': False}",False,-0.0039,-0.022,8709.0,-0.0035,-0.02,8310.0,-0.0118,-0.098,399.0,False
alpha191_179,ok,,28.85,-0.0288,-0.269,8258.0,-0.0282,-0.26,7844.0,-0.0392,-0.591,414.0,False,-0.0289,-0.279,8254.0,-0.0282,-0.268,7845.0,-0.0427,-0.663,409.0,False,"{'v1': True, 'v2': False, 'v3': True, 'a3': True, 'pass': False}",False,-0.0323,-0.31,8244.0,-0.0316,-0.299,7845.0,-0.0468,-0.734,399.0,False
alpha191_180,ok,,27.37,0.0123,0.082,8670.0,0.0129,0.084,8256.0,0.0008,0.013,414.0,False,0.0213,0.137,8665.0,0.022,0.139,8256.0,0.0085,0.137,409.0,False,"{'v1': True, 'v2': False, 'v3': False, 'a3': True, 'pass': False}",False,0.025,0.157,8655.0,0.0253,0.156,8256.0,0.0183,0.305,399.0,False
alpha191_181,error,"ValueError: not enough values to unpack (expected 2, got 1)",0.0,,,,,,,,,,,,,,,,,,,,,,,,,,,,,,,,
alpha191_182,ok,,3.53,0.0246,0.13,8765.0,0.0245,0.129,8351.0,0.0265,0.151,414.0,False,0.0288,0.155,8760.0,0.0289,0.155,8351.0,0.0262,0.149,409.0,False,"{'v1': True, 'v2': False, 'v3': True, 'a3': True, 'pass': False}",False,0.0282,0.153,8750.0,0.0286,0.155,8351.0,0.0206,0.113,399.0,False
alpha191_183,ok,,12.79,-0.0026,-0.015,8715.0,-0.0029,-0.016,8301.0,0.0033,0.026,414.0,False,-0.0047,-0.026,8710.0,-0.005,-0.027,8301.0,0.0015,0.011,409.0,False,"{'v1': False, 'v2': False, 'v3': False, 'a3': True, 'pass': False}",False,-0.0098,-0.053,8700.0,-0.0107,-0.057,8301.0,0.0083,0.064,399.0,False
alpha191_184,ok,,17.72,0.022,0.141,8578.0,0.0214,0.135,8164.0,0.0343,0.307,414.0,False,0.0146,0.095,8573.0,0.0137,0.089,8164.0,0.0325,0.293,409.0,False,"{'v1': False, 'v2': False, 'v3': True, 'a3': True, 'pass': False}",False,0.0121,0.081,8563.0,0.0104,0.069,8164.0,0.0455,0.422,399.0,False
alpha191_185,ok,,4.43,0.0259,0.153,8733.0,0.0255,0.149,8319.0,0.0351,0.287,414.0,False,0.0232,0.142,8728.0,0.0224,0.135,8319.0,0.039,0.325,409.0,False,"{'v1': True, 'v2': False, 'v3': True, 'a3': True, 'pass': False}",False,0.0249,0.157,8718.0,0.0243,0.152,8319.0,0.0384,0.333,399.0,False
alpha191_186,ok,,16.47,0.0082,0.052,8759.0,0.0087,0.054,8345.0,-0.0005,-0.006,414.0,False,0.0133,0.085,8754.0,0.0138,0.087,8345.0,0.0024,0.03,409.0,False,"{'v1': False, 'v2': False, 'v3': False, 'a3': True, 'pass': False}",False,0.0214,0.141,8744.0,0.0225,0.145,8345.0,-0.0001,-0.001,399.0,False
alpha191_187,ok,,3.5,-0.0461,-0.239,8764.0,-0.0465,-0.242,8350.0,-0.0396,-0.182,414.0,False,-0.0606,-0.312,8759.0,-0.0613,-0.319,8350.0,-0.0444,-0.198,409.0,True,"{'v1': True, 'v2': True, 'v3': True, 'a3': True, 'pass': True}",True,-0.0814,-0.42,8749.0,-0.083,-0.433,8350.0,-0.0487,-0.21,399.0,True
alpha191_188,ok,,3.78,-0.0277,-0.165,8744.0,-0.0281,-0.164,8330.0,-0.0187,-0.216,414.0,False,-0.0174,-0.109,8739.0,-0.0173,-0.106,8330.0,-0.0191,-0.226,409.0,False,"{'v1': False, 'v2': False, 'v3': True, 'a3': True, 'pass': False}",False,-0.0145,-0.094,8729.0,-0.0143,-0.091,8330.0,-0.018,-0.214,399.0,False
alpha191_189,ok,,5.64,-0.0475,-0.248,8774.0,-0.0481,-0.252,8360.0,-0.0359,-0.17,414.0,False,-0.055,-0.285,8769.0,-0.0557,-0.291,8360.0,-0.0404,-0.186,409.0,False,"{'v1': True, 'v2': False, 'v3': True, 'a3': True, 'pass': False}",False,-0.0713,-0.362,8759.0,-0.0727,-0.373,8360.0,-0.0411,-0.182,399.0,True
alpha191_190,ok,,11.45,0.0282,0.176,8746.0,0.0283,0.174,8332.0,0.0254,0.354,414.0,False,0.0297,0.191,8741.0,0.0301,0.191,8332.0,0.0213,0.289,409.0,False,"{'v1': True, 'v2': False, 'v3': True, 'a3': True, 'pass': False}",False,0.0307,0.194,8731.0,0.0315,0.196,8332.0,0.013,0.174,399.0,False
alpha191_191,ok,,12.68,-0.017,-0.131,8404.0,-0.0175,-0.133,7990.0,-0.008,-0.08,414.0,False,-0.0128,-0.103,8400.0,-0.0129,-0.103,7991.0,-0.0108,-0.108,409.0,False,"{'v1': False, 'v2': False, 'v3': True, 'a3': True, 'pass': False}",False,-0.0094,-0.075,8390.0,-0.0095,-0.076,7991.0,-0.0068,-0.069,399.0,False
