name,family,exit_regime,status,n_trades,oos_trades,annual_return,sharpe,max_drawdown,win_rate,oos_sharpe,oos_annual_return,oos_max_drawdown,i_bar,vi_bar,g1_pass,sleeve_tag,x2_full_sharpe,x2_oos_sharpe,max_corr,note
morning_star,s10_patterns,default,ok,171,45,-0.0002,0.0173,-0.0734,0.5965,-0.2406,-0.0124,-0.0734,0.3521,0.4004,False,False,-0.1236,-0.3742,0.1137,patterns.morning_star frozen
morning_star,s10_patterns,ce,ok,143,41,0.0014,0.054,-0.0727,0.6643,-0.2177,-0.0112,-0.0727,0.4474,0.4004,False,False,-0.064,-0.3378,0.1176,patterns.morning_star frozen
three_soldiers,s10_patterns,default,ok,1356,378,-0.0213,-0.1593,-0.3115,0.5103,0.6048,0.0716,-0.1269,0.3521,0.4004,False,False,-0.5513,0.2221,0.2573,patterns.three_soldiers frozen
three_soldiers,s10_patterns,ce,ok,1241,336,-0.0164,-0.1179,-0.3409,0.5133,0.9562,0.1131,-0.0788,0.4474,0.4004,False,False,-0.4763,0.6001,0.2646,patterns.three_soldiers frozen
piercing_line,s10_patterns,default,ok,322,65,-0.0192,-0.3458,-0.1514,0.5683,-0.9212,-0.0448,-0.1104,0.3521,0.4004,False,False,-0.593,-1.1188,0.0821,patterns.piercing_line frozen
piercing_line,s10_patterns,ce,ok,283,61,-0.0194,-0.3515,-0.1518,0.629,-1.0307,-0.0491,-0.1168,0.4474,0.4004,False,False,-0.5677,-1.2147,0.0824,patterns.piercing_line frozen
needle_probe,s10_patterns,default,ok,73,23,0.0168,0.6624,-0.0282,0.7534,0.4089,0.0119,-0.0282,0.3521,0.4004,True,False,0.5738,0.3199,0.1256,patterns.needle_probe frozen
needle_probe,s10_patterns,ce,ok,63,20,0.0161,0.6395,-0.0281,0.7937,0.4023,0.0116,-0.0281,0.4474,0.4004,True,False,0.5636,0.3268,0.1272,patterns.needle_probe frozen
three_methods_up,s10_patterns,default,ok,54,22,0.0015,0.0897,-0.0403,0.6296,0.5381,0.0162,-0.0214,0.3521,0.4004,False,True,0.0023,0.4591,0.088,patterns.three_methods_up frozen
three_methods_up,s10_patterns,ce,ok,49,18,0.0015,0.0945,-0.0383,0.6122,0.5009,0.0137,-0.0195,0.4474,0.4004,False,True,0.0143,0.4373,0.0791,patterns.three_methods_up frozen
island_reversal,s10_patterns,default,ok,53,28,-0.0036,-0.3057,-0.0417,0.3962,-0.7084,-0.0141,-0.0417,0.3521,0.4004,False,False,-0.4861,-0.9283,0.085,patterns.island_reversal frozen
island_reversal,s10_patterns,ce,ok,44,22,-0.003,-0.2555,-0.0375,0.3864,-0.5981,-0.0119,-0.0375,0.4474,0.4004,False,False,-0.4069,-0.7738,0.0834,patterns.island_reversal frozen
doji_at_low,s10_patterns,default,ok,541,141,0.0133,0.2102,-0.1913,0.5989,0.3398,0.0211,-0.0877,0.3521,0.4004,False,True,-0.034,0.0726,0.1964,patterns.doji_at_low frozen
doji_at_low,s10_patterns,ce,ok,422,105,0.0155,0.2438,-0.1685,0.6872,0.4018,0.0242,-0.074,0.4474,0.4004,False,True,0.0523,0.2008,0.2048,patterns.doji_at_low frozen
big_yin_shakeout,s10_patterns,default,ok,53,13,-0.0079,-0.38,-0.0675,0.4528,-0.0628,-0.0013,-0.018,0.3521,0.4004,False,False,-0.4607,-0.1458,0.0465,patterns.big_yin_shakeout frozen
big_yin_shakeout,s10_patterns,ce,ok,41,8,-0.0093,-0.4699,-0.0771,0.3902,-0.0396,-0.0008,-0.0142,0.4474,0.4004,False,False,-0.5284,-0.09,0.0382,patterns.big_yin_shakeout frozen
macd_divergence,s10_patterns,default,ok,873,228,-0.0669,-0.6109,-0.4589,0.5349,-0.0319,-0.0094,-0.1623,0.3521,0.4004,False,False,-1.0527,-0.5835,0.2544,patterns.macd_divergence frozen
macd_divergence,s10_patterns,ce,ok,678,181,-0.0469,-0.4815,-0.382,0.649,-0.1028,-0.0155,-0.1428,0.4474,0.4004,False,False,-0.8019,-0.4385,0.2749,patterns.macd_divergence frozen
obv_divergence,s10_patterns,default,ok,674,189,0.0007,0.0509,-0.1672,0.5237,-0.522,-0.0336,-0.1129,0.3521,0.4004,False,False,-0.2339,-0.9582,0.6907,patterns.obv_divergence frozen
obv_divergence,s10_patterns,ce,ok,492,144,-0.0008,0.0361,-0.1662,0.6138,-0.3442,-0.025,-0.0913,0.4474,0.4004,False,False,-0.1636,-0.6506,0.6957,patterns.obv_divergence frozen
vol_drought_reversal,s10_patterns,default,ok,145,53,0.022,0.6863,-0.05,0.7241,1.2296,0.0408,-0.024,0.3521,0.4004,True,False,0.5253,1.0194,0.0999,patterns.vol_drought_reversal frozen
vol_drought_reversal,s10_patterns,ce,ok,120,44,0.0228,0.724,-0.0476,0.8167,1.213,0.0408,-0.0252,0.4474,0.4004,True,False,0.5902,1.0462,0.1055,patterns.vol_drought_reversal frozen
inside_bar_breakup,s10_patterns,default,ok,1306,365,0.0245,0.2694,-0.2466,0.4885,1.1122,0.0897,-0.053,0.3521,0.4004,False,True,-0.0697,0.6177,0.1671,patterns.inside_bar_breakup frozen
inside_bar_breakup,s10_patterns,ce,ok,1192,335,0.0338,0.3691,-0.2279,0.4899,1.3755,0.093,-0.0388,0.4474,0.4004,False,True,0.0416,0.8654,0.14,patterns.inside_bar_breakup frozen
yang_break_3ma,s10_patterns,default,ok,1580,425,-0.0247,-0.2832,-0.311,0.4392,0.2143,0.0156,-0.0869,0.3521,0.4004,False,False,-1.099,-0.8396,0.4154,patterns.yang_break_3ma frozen
yang_break_3ma,s10_patterns,ce,ok,1422,381,-0.0168,-0.184,-0.3056,0.443,0.5272,0.0427,-0.0748,0.4474,0.4004,False,False,-0.7866,-0.0971,0.4239,patterns.yang_break_3ma frozen
ma_converge_break,s10_patterns,default,ok,1279,345,0.0157,0.2822,-0.1132,0.498,0.7651,0.0425,-0.0653,0.3521,0.4004,False,True,-0.3731,0.0352,0.2762,patterns.ma_converge_break frozen
ma_converge_break,s10_patterns,ce,ok,1107,303,0.0183,0.337,-0.1038,0.4896,0.9458,0.0508,-0.0464,0.4474,0.4004,False,True,-0.2443,0.3048,0.2824,patterns.ma_converge_break frozen
duck_head,s10_patterns,default,ok,947,264,0.0409,0.6817,-0.077,0.5871,0.8227,0.0472,-0.0439,0.3521,0.4004,True,False,0.2583,0.3909,0.2883,patterns.duck_head frozen
duck_head,s10_patterns,ce,ok,798,225,0.0334,0.5347,-0.1165,0.5915,0.6059,0.0366,-0.0558,0.4474,0.4004,True,False,0.2097,0.2715,0.3049,patterns.duck_head frozen
box_breakout,s10_patterns,default,ok,961,269,0.005,0.1118,-0.1944,0.5005,0.8434,0.0534,-0.0806,0.3521,0.4004,False,False,-0.3704,0.3545,0.3838,patterns.box_breakout frozen
box_breakout,s10_patterns,ce,ok,631,174,-0.0039,-0.0362,-0.1823,0.5214,0.2945,0.016,-0.086,0.4474,0.4004,False,False,-0.353,-0.035,0.3825,patterns.box_breakout frozen
immortal_guide,s10_patterns,default,ok,906,286,-0.0,0.0447,-0.2123,0.5784,0.432,0.0396,-0.0636,0.3521,0.4004,False,True,-0.2358,0.1321,0.1686,patterns.immortal_guide frozen
immortal_guide,s10_patterns,ce,ok,791,247,-0.0019,0.0208,-0.208,0.5765,0.3595,0.0309,-0.0637,0.4474,0.4004,False,True,-0.2234,0.1011,0.1719,patterns.immortal_guide frozen
n_shape,s10_patterns,default,ok,727,252,-0.0173,-0.1767,-0.3407,0.5213,1.3803,0.1505,-0.0954,0.3521,0.4004,False,False,-0.4473,1.0874,0.2787,patterns.n_shape frozen
n_shape,s10_patterns,ce,ok,651,219,-0.0108,-0.1054,-0.3121,0.5177,1.4014,0.1435,-0.0862,0.4474,0.4004,False,False,-0.3506,1.1548,0.2889,patterns.n_shape frozen
low_suction,s11_folk,default,ok,902,259,0.0182,0.3903,-0.107,0.5366,-0.0355,-0.0037,-0.107,0.3521,0.4004,False,False,-0.1663,-0.5381,0.2997,folk.low_suction frozen
low_suction,s11_folk,ce,ok,608,170,0.0187,0.4352,-0.0956,0.5477,0.0329,0.0004,-0.0956,0.4474,0.4004,False,False,0.0554,-0.3241,0.32,folk.low_suction frozen
lian_yin_first_yang,s11_folk,default,ok,2109,510,-0.0756,-0.5398,-0.5005,0.4329,-0.5461,-0.0603,-0.1823,0.3521,0.4004,False,False,-1.816,-1.8531,0.2221,folk.lian_yin_first_yang frozen
lian_yin_first_yang,s11_folk,ce,ok,2055,495,-0.0717,-0.5211,-0.4943,0.435,-0.5146,-0.0553,-0.1786,0.4474,0.4004,False,False,-1.7485,-1.6423,0.2202,folk.lian_yin_first_yang frozen
false_break_back,s11_folk,default,ok,1070,305,0.0072,0.1487,-0.1726,0.5075,0.6644,0.0454,-0.0855,0.3521,0.4004,False,False,-0.4085,0.1541,0.3732,folk.false_break_back frozen
false_break_back,s11_folk,ce,ok,767,220,0.0153,0.2976,-0.1538,0.5033,0.7588,0.0477,-0.072,0.4474,0.4004,False,False,-0.0959,0.4025,0.3785,folk.false_break_back frozen
ants_climb,s11_folk,default,ok,187,66,0.0061,0.2599,-0.0611,0.5348,0.6294,0.0171,-0.0227,0.3521,0.4004,False,True,0.0146,0.3472,0.169,folk.ants_climb frozen
ants_climb,s11_folk,ce,ok,177,60,0.0047,0.2052,-0.0623,0.5367,0.5221,0.0133,-0.0201,0.4474,0.4004,False,True,-0.027,0.2636,0.1664,folk.ants_climb frozen
volume_mound,s11_folk,default,ok,1157,318,-0.0198,-0.1988,-0.2738,0.4944,-0.0462,-0.009,-0.1086,0.3521,0.4004,False,False,-0.6453,-0.4811,0.4182,folk.volume_mound frozen
volume_mound,s11_folk,ce,ok,1043,286,-0.0194,-0.1965,-0.2876,0.4966,0.0931,0.0043,-0.1099,0.4474,0.4004,False,False,-0.5888,-0.2816,0.4152,folk.volume_mound frozen
second_wave,s11_folk,default,ok,1441,420,-0.0302,-0.4067,-0.3087,0.4421,-0.292,-0.0317,-0.1002,0.3521,0.4004,False,False,-1.1227,-0.9625,0.4541,folk.second_wave frozen
second_wave,s11_folk,ce,ok,1319,390,-0.0212,-0.3033,-0.2712,0.4367,-0.0038,-0.0035,-0.0774,0.4474,0.4004,False,False,-1.0087,-0.6977,0.4167,folk.second_wave frozen
gap_up_hold,s11_folk,default,ok,1348,434,-0.0258,-0.2162,-0.3908,0.4607,1.0906,0.1357,-0.1286,0.3521,0.4004,False,False,-0.6946,0.4001,0.3127,folk.gap_up_hold frozen
gap_up_hold,s11_folk,ce,ok,1297,411,-0.0216,-0.1843,-0.3689,0.4588,1.1534,0.1365,-0.1275,0.4474,0.4004,False,False,-0.637,0.5926,0.3109,folk.gap_up_hold frozen
rsi_low_flat,s11_folk,default,ok,640,148,-0.0099,-0.0945,-0.1975,0.5516,0.247,0.0138,-0.0587,0.3521,0.4004,False,False,-0.4173,-0.0972,0.2473,folk.rsi_low_flat frozen
rsi_low_flat,s11_folk,ce,ok,491,118,-0.0135,-0.1451,-0.1835,0.6232,0.3123,0.018,-0.0564,0.4474,0.4004,False,False,-0.3917,0.038,0.2462,folk.rsi_low_flat frozen
rand_default_p0.02_s0,random_baseline,default,ok,767,228,-0.0046,-0.0273,-0.244,0.5437,1.0398,0.0787,-0.0689,,,,,,,,p=0.02 seed=43000
rand_default_p0.02_s1,random_baseline,default,ok,828,233,-0.0116,-0.107,-0.1524,0.5556,0.0801,0.0032,-0.0748,,,,,,,,p=0.02 seed=43001
rand_default_p0.02_s2,random_baseline,default,ok,767,233,-0.0011,0.0205,-0.2092,0.5463,0.6474,0.0474,-0.0492,,,,,,,,p=0.02 seed=43002
rand_default_p0.02_s3,random_baseline,default,ok,797,237,-0.0257,-0.2656,-0.3037,0.5696,0.3401,0.0271,-0.0722,,,,,,,,p=0.02 seed=43003
rand_default_p0.02_s4,random_baseline,default,ok,767,245,-0.0074,-0.08,-0.1878,0.5567,0.2119,0.014,-0.0771,,,,,,,,p=0.02 seed=43004
rand_default_p0.02_s5,random_baseline,default,ok,828,239,0.0131,0.1904,-0.2422,0.5531,0.4928,0.033,-0.0613,,,,,,,,p=0.02 seed=43005
rand_default_p0.02_s6,random_baseline,default,ok,750,238,-0.0058,-0.0416,-0.2457,0.5467,0.5908,0.0514,-0.0607,,,,,,,,p=0.02 seed=43006
rand_default_p0.02_s7,random_baseline,default,ok,759,246,-0.0185,-0.2123,-0.2213,0.5428,-0.1437,-0.0151,-0.0865,,,,,,,,p=0.02 seed=43007
rand_default_p0.02_s8,random_baseline,default,ok,820,255,0.017,0.2798,-0.1205,0.578,0.056,0.0014,-0.0876,,,,,,,,p=0.02 seed=43008
rand_default_p0.02_s9,random_baseline,default,ok,854,246,-0.0286,-0.2766,-0.3252,0.5644,0.1869,0.013,-0.1079,,,,,,,,p=0.02 seed=43009
rand_default_p0.02_s10,random_baseline,default,ok,778,230,-0.0146,-0.1311,-0.2502,0.5488,0.1822,0.0123,-0.1052,,,,,,,,p=0.02 seed=43010
rand_default_p0.02_s11,random_baseline,default,ok,795,236,-0.0413,-0.2706,-0.4989,0.5484,0.1287,0.008,-0.1374,,,,,,,,p=0.02 seed=43011
rand_default_p0.02_s12,random_baseline,default,ok,754,250,-0.0128,-0.1299,-0.3082,0.5491,0.976,0.0757,-0.0683,,,,,,,,p=0.02 seed=43012
rand_default_p0.02_s13,random_baseline,default,ok,792,235,-0.042,-0.4818,-0.3183,0.5114,-0.3978,-0.0491,-0.1712,,,,,,,,p=0.02 seed=43013
rand_default_p0.02_s14,random_baseline,default,ok,794,239,-0.0155,-0.1314,-0.3433,0.5453,0.8538,0.075,-0.0554,,,,,,,,p=0.02 seed=43014
rand_default_p0.02_s15,random_baseline,default,ok,756,255,-0.0278,-0.3124,-0.2569,0.5397,-0.5218,-0.0606,-0.1633,,,,,,,,p=0.02 seed=43015
rand_default_p0.02_s16,random_baseline,default,ok,762,235,-0.0302,-0.329,-0.261,0.5315,0.0927,0.004,-0.1375,,,,,,,,p=0.02 seed=43016
rand_default_p0.02_s17,random_baseline,default,ok,813,255,0.0238,0.4082,-0.1326,0.5929,1.1294,0.075,-0.0515,,,,,,,,p=0.02 seed=43017
rand_default_p0.02_s18,random_baseline,default,ok,757,233,-0.0198,-0.2155,-0.2941,0.5482,0.5905,0.0413,-0.0892,,,,,,,,p=0.02 seed=43018
rand_default_p0.02_s19,random_baseline,default,ok,764,245,0.0162,0.2718,-0.1519,0.5864,1.0057,0.0672,-0.0575,,,,,,,,p=0.02 seed=43019
rand_default_p0.02_s20,random_baseline,default,ok,753,233,-0.0069,-0.0526,-0.2457,0.5471,0.5925,0.0457,-0.0589,,,,,,,,p=0.02 seed=43020
rand_default_p0.02_s21,random_baseline,default,ok,814,238,0.0089,0.1558,-0.1716,0.5713,0.2248,0.0155,-0.0956,,,,,,,,p=0.02 seed=43021
rand_default_p0.02_s22,random_baseline,default,ok,773,239,0.0062,0.1249,-0.1381,0.5666,0.8187,0.0602,-0.0649,,,,,,,,p=0.02 seed=43022
rand_default_p0.02_s23,random_baseline,default,ok,783,235,0.0015,0.0616,-0.2938,0.5377,0.9215,0.0637,-0.0716,,,,,,,,p=0.02 seed=43023
rand_default_p0.02_s24,random_baseline,default,ok,781,231,-0.0196,-0.2167,-0.2926,0.5544,0.7803,0.0655,-0.0939,,,,,,,,p=0.02 seed=43024
rand_default_p0.05_s25,random_baseline,default,ok,860,255,0.0238,0.2979,-0.1879,0.5651,0.834,0.0589,-0.0605,,,,,,,,p=0.05 seed=43025
rand_default_p0.05_s26,random_baseline,default,ok,868,261,-0.07,-0.6178,-0.4397,0.5092,-0.0226,-0.0101,-0.1895,,,,,,,,p=0.05 seed=43026
rand_default_p0.05_s27,random_baseline,default,ok,837,258,-0.0099,-0.087,-0.2686,0.5568,0.4565,0.0404,-0.1087,,,,,,,,p=0.05 seed=43027
rand_default_p0.05_s28,random_baseline,default,ok,834,260,-0.0362,-0.3301,-0.3521,0.5324,0.3732,0.0343,-0.0997,,,,,,,,p=0.05 seed=43028
rand_default_p0.05_s29,random_baseline,default,ok,876,238,-0.0119,-0.1176,-0.1877,0.54,-0.2013,-0.0198,-0.0929,,,,,,,,p=0.05 seed=43029
rand_default_p0.05_s30,random_baseline,default,ok,860,248,-0.0033,0.0299,-0.4129,0.557,0.6227,0.0533,-0.0836,,,,,,,,p=0.05 seed=43030
rand_default_p0.05_s31,random_baseline,default,ok,894,257,-0.0065,-0.0344,-0.2275,0.5526,0.9382,0.083,-0.0516,,,,,,,,p=0.05 seed=43031
rand_default_p0.05_s32,random_baseline,default,ok,861,245,-0.0209,-0.1776,-0.2518,0.5668,0.1372,0.0083,-0.1035,,,,,,,,p=0.05 seed=43032
rand_default_p0.05_s33,random_baseline,default,ok,878,262,0.0128,0.2137,-0.1982,0.5649,0.9522,0.0716,-0.0664,,,,,,,,p=0.05 seed=43033
rand_default_p0.05_s34,random_baseline,default,ok,789,256,-0.0431,-0.4345,-0.3537,0.5171,0.2765,0.0238,-0.0915,,,,,,,,p=0.05 seed=43034
rand_default_p0.05_s35,random_baseline,default,ok,858,267,-0.0067,-0.0432,-0.3094,0.5571,1.1311,0.0938,-0.0847,,,,,,,,p=0.05 seed=43035
rand_default_p0.05_s36,random_baseline,default,ok,853,256,0.022,0.2696,-0.1052,0.5592,0.6058,0.0395,-0.0589,,,,,,,,p=0.05 seed=43036
rand_default_p0.05_s37,random_baseline,default,ok,874,262,0.0074,0.1343,-0.1873,0.5652,0.7901,0.063,-0.055,,,,,,,,p=0.05 seed=43037
rand_default_p0.05_s38,random_baseline,default,ok,870,260,0.0136,0.2297,-0.1427,0.5839,0.5123,0.0338,-0.0618,,,,,,,,p=0.05 seed=43038
rand_default_p0.05_s39,random_baseline,default,ok,838,254,-0.0282,-0.3154,-0.2807,0.5131,0.3768,0.0302,-0.0902,,,,,,,,p=0.05 seed=43039
rand_default_p0.05_s40,random_baseline,default,ok,895,259,-0.0355,-0.3143,-0.3922,0.5352,0.8041,0.0866,-0.0758,,,,,,,,p=0.05 seed=43040
rand_default_p0.05_s41,random_baseline,default,ok,880,257,-0.001,0.0261,-0.188,0.5557,0.9511,0.0697,-0.0503,,,,,,,,p=0.05 seed=43041
rand_default_p0.05_s42,random_baseline,default,ok,873,257,0.0291,0.3323,-0.1833,0.5452,0.6635,0.0423,-0.0725,,,,,,,,p=0.05 seed=43042
rand_default_p0.05_s43,random_baseline,default,ok,864,262,-0.0156,-0.16,-0.2978,0.5336,0.3643,0.0283,-0.095,,,,,,,,p=0.05 seed=43043
rand_default_p0.05_s44,random_baseline,default,ok,860,253,-0.0024,0.0064,-0.263,0.5488,1.0103,0.0841,-0.0611,,,,,,,,p=0.05 seed=43044
rand_default_p0.05_s45,random_baseline,default,ok,865,265,-0.0162,-0.1364,-0.3246,0.5538,1.0803,0.0993,-0.0746,,,,,,,,p=0.05 seed=43045
rand_default_p0.05_s46,random_baseline,default,ok,843,250,-0.0163,-0.1564,-0.2945,0.5469,0.5417,0.0449,-0.0989,,,,,,,,p=0.05 seed=43046
rand_default_p0.05_s47,random_baseline,default,ok,887,275,-0.0058,-0.0371,-0.276,0.549,0.8414,0.075,-0.0742,,,,,,,,p=0.05 seed=43047
rand_default_p0.05_s48,random_baseline,default,ok,883,266,0.0141,0.1783,-0.2357,0.5753,0.3564,0.0267,-0.0677,,,,,,,,p=0.05 seed=43048
rand_default_p0.05_s49,random_baseline,default,ok,878,266,-0.0024,0.0121,-0.2519,0.5626,0.9403,0.0783,-0.069,,,,,,,,p=0.05 seed=43049
rand_ce_p0.02_s0,random_baseline,ce,ok,584,182,-0.0201,-0.2025,-0.2712,0.5839,0.6215,0.0575,-0.0698,,,,,,,,p=0.02 seed=43050
rand_ce_p0.02_s1,random_baseline,ce,ok,556,161,0.0131,0.2265,-0.1455,0.6151,0.5098,0.0336,-0.0826,,,,,,,,p=0.02 seed=43051
rand_ce_p0.02_s2,random_baseline,ce,ok,547,166,0.0149,0.2654,-0.1664,0.6088,0.7381,0.0527,-0.0606,,,,,,,,p=0.02 seed=43052
rand_ce_p0.02_s3,random_baseline,ce,ok,537,167,0.0066,0.132,-0.1918,0.6034,0.5781,0.0412,-0.0697,,,,,,,,p=0.02 seed=43053
rand_ce_p0.02_s4,random_baseline,ce,ok,545,185,-0.0097,-0.074,-0.2705,0.6147,0.7151,0.0656,-0.0692,,,,,,,,p=0.02 seed=43054
rand_ce_p0.02_s5,random_baseline,ce,ok,536,157,-0.0121,-0.11,-0.2585,0.5709,0.4764,0.0396,-0.0735,,,,,,,,p=0.02 seed=43055
rand_ce_p0.02_s6,random_baseline,ce,ok,541,163,-0.0082,-0.0747,-0.1687,0.6081,0.0542,0.0011,-0.0649,,,,,,,,p=0.02 seed=43056
rand_ce_p0.02_s7,random_baseline,ce,ok,535,169,-0.0024,0.0045,-0.1809,0.6393,0.4333,0.031,-0.1002,,,,,,,,p=0.02 seed=43057
rand_ce_p0.02_s8,random_baseline,ce,ok,591,162,-0.0556,-0.4885,-0.4194,0.5618,0.3012,0.0292,-0.1028,,,,,,,,p=0.02 seed=43058
rand_ce_p0.02_s9,random_baseline,ce,ok,511,163,-0.0052,-0.0337,-0.1985,0.5832,0.2179,0.0156,-0.115,,,,,,,,p=0.02 seed=43059
rand_ce_p0.02_s10,random_baseline,ce,ok,552,165,0.0107,0.1596,-0.2022,0.5833,0.5471,0.0386,-0.0589,,,,,,,,p=0.02 seed=43060
rand_ce_p0.02_s11,random_baseline,ce,ok,554,167,0.0046,0.1017,-0.2487,0.6029,0.8797,0.064,-0.0805,,,,,,,,p=0.02 seed=43061
rand_ce_p0.02_s12,random_baseline,ce,ok,572,166,0.0227,0.3889,-0.1666,0.6206,0.901,0.0641,-0.0597,,,,,,,,p=0.02 seed=43062
rand_ce_p0.02_s13,random_baseline,ce,ok,512,169,-0.0323,-0.2838,-0.3563,0.5898,0.788,0.0797,-0.0711,,,,,,,,p=0.02 seed=43063
rand_ce_p0.02_s14,random_baseline,ce,ok,579,163,-0.0205,-0.2057,-0.2483,0.5855,0.222,0.0153,-0.0886,,,,,,,,p=0.02 seed=43064
rand_ce_p0.02_s15,random_baseline,ce,ok,586,164,-0.0021,0.0095,-0.2124,0.5904,-0.0644,-0.0089,-0.0794,,,,,,,,p=0.02 seed=43065
rand_ce_p0.02_s16,random_baseline,ce,ok,553,166,-0.0122,-0.1037,-0.2703,0.5805,0.7542,0.059,-0.0738,,,,,,,,p=0.02 seed=43066
rand_ce_p0.02_s17,random_baseline,ce,ok,553,160,-0.0273,-0.2906,-0.3537,0.5714,0.6823,0.0601,-0.0735,,,,,,,,p=0.02 seed=43067
rand_ce_p0.02_s18,random_baseline,ce,ok,560,162,0.0041,0.0909,-0.2017,0.6071,-0.1492,-0.0144,-0.07,,,,,,,,p=0.02 seed=43068
rand_ce_p0.02_s19,random_baseline,ce,ok,526,164,0.0026,0.0722,-0.1914,0.6008,0.3628,0.0236,-0.075,,,,,,,,p=0.02 seed=43069
rand_ce_p0.02_s20,random_baseline,ce,ok,560,162,-0.0074,-0.0481,-0.2781,0.5857,0.4568,0.0367,-0.088,,,,,,,,p=0.02 seed=43070
rand_ce_p0.02_s21,random_baseline,ce,ok,537,173,-0.0165,-0.1609,-0.2982,0.5922,0.311,0.0248,-0.1373,,,,,,,,p=0.02 seed=43071
rand_ce_p0.02_s22,random_baseline,ce,ok,568,171,0.0212,0.2843,-0.2494,0.618,1.0967,0.0742,-0.0613,,,,,,,,p=0.02 seed=43072
rand_ce_p0.02_s23,random_baseline,ce,ok,555,157,-0.0221,-0.231,-0.2305,0.5838,-0.089,-0.0116,-0.0957,,,,,,,,p=0.02 seed=43073
rand_ce_p0.02_s24,random_baseline,ce,ok,536,164,-0.0266,-0.2994,-0.2751,0.5634,-0.3349,-0.0342,-0.1231,,,,,,,,p=0.02 seed=43074
rand_ce_p0.05_s25,random_baseline,ce,ok,543,175,0.01,0.1463,-0.2873,0.5562,1.1829,0.0951,-0.0508,,,,,,,,p=0.05 seed=43075
rand_ce_p0.05_s26,random_baseline,ce,ok,555,172,0.0126,0.1873,-0.187,0.6018,0.9951,0.0767,-0.0615,,,,,,,,p=0.05 seed=43076
rand_ce_p0.05_s27,random_baseline,ce,ok,568,176,0.0247,0.329,-0.2174,0.5669,0.9817,0.0717,-0.0412,,,,,,,,p=0.05 seed=43077
rand_ce_p0.05_s28,random_baseline,ce,ok,543,160,-0.0031,-0.0021,-0.1768,0.5948,0.4571,0.0306,-0.0982,,,,,,,,p=0.05 seed=43078
rand_ce_p0.05_s29,random_baseline,ce,ok,586,176,0.0064,0.1259,-0.2276,0.6007,0.6726,0.0462,-0.0706,,,,,,,,p=0.05 seed=43079
rand_ce_p0.05_s30,random_baseline,ce,ok,566,175,0.0352,0.405,-0.1307,0.5936,0.4693,0.0296,-0.0478,,,,,,,,p=0.05 seed=43080
rand_ce_p0.05_s31,random_baseline,ce,ok,597,177,-0.0161,-0.1522,-0.1881,0.5946,0.1533,0.0099,-0.1034,,,,,,,,p=0.05 seed=43081
rand_ce_p0.05_s32,random_baseline,ce,ok,558,165,0.0039,0.0908,-0.1572,0.5878,-0.1342,-0.0146,-0.1484,,,,,,,,p=0.05 seed=43082
rand_ce_p0.05_s33,random_baseline,ce,ok,541,161,-0.0342,-0.3913,-0.3305,0.5453,0.4639,0.0415,-0.0899,,,,,,,,p=0.05 seed=43083
rand_ce_p0.05_s34,random_baseline,ce,ok,594,168,0.016,0.2606,-0.1622,0.601,0.6375,0.046,-0.0959,,,,,,,,p=0.05 seed=43084
rand_ce_p0.05_s35,random_baseline,ce,ok,578,184,0.0049,0.1045,-0.203,0.5952,1.0789,0.0827,-0.0582,,,,,,,,p=0.05 seed=43085
rand_ce_p0.05_s36,random_baseline,ce,ok,572,176,-0.0029,-0.001,-0.2233,0.5822,0.8132,0.0639,-0.0745,,,,,,,,p=0.05 seed=43086
rand_ce_p0.05_s37,random_baseline,ce,ok,597,171,0.0117,0.1756,-0.2655,0.5896,0.9282,0.0618,-0.0609,,,,,,,,p=0.05 seed=43087
rand_ce_p0.05_s38,random_baseline,ce,ok,567,158,-0.0147,-0.1459,-0.2574,0.5785,0.6823,0.0468,-0.0909,,,,,,,,p=0.05 seed=43088
rand_ce_p0.05_s39,random_baseline,ce,ok,554,172,0.0091,0.1495,-0.214,0.5921,0.3964,0.0282,-0.0564,,,,,,,,p=0.05 seed=43089
rand_ce_p0.05_s40,random_baseline,ce,ok,593,176,0.0308,0.3384,-0.2237,0.6071,0.7545,0.0481,-0.0531,,,,,,,,p=0.05 seed=43090
rand_ce_p0.05_s41,random_baseline,ce,ok,563,178,0.0203,0.3331,-0.1128,0.6075,0.4021,0.0253,-0.0733,,,,,,,,p=0.05 seed=43091
rand_ce_p0.05_s42,random_baseline,ce,ok,598,160,0.0026,0.0723,-0.2007,0.602,0.6615,0.0482,-0.0638,,,,,,,,p=0.05 seed=43092
rand_ce_p0.05_s43,random_baseline,ce,ok,553,168,-0.0054,-0.0407,-0.177,0.5805,0.4457,0.0327,-0.0749,,,,,,,,p=0.05 seed=43093
rand_ce_p0.05_s44,random_baseline,ce,ok,564,163,-0.0194,-0.2098,-0.295,0.578,0.4962,0.0416,-0.1103,,,,,,,,p=0.05 seed=43094
rand_ce_p0.05_s45,random_baseline,ce,ok,577,165,-0.0087,-0.0399,-0.3031,0.5633,0.6382,0.0483,-0.0532,,,,,,,,p=0.05 seed=43095
rand_ce_p0.05_s46,random_baseline,ce,ok,569,168,-0.0028,-0.0027,-0.2178,0.5747,0.7476,0.0568,-0.0579,,,,,,,,p=0.05 seed=43096
rand_ce_p0.05_s47,random_baseline,ce,ok,631,183,0.0119,0.1873,-0.1651,0.6197,0.5475,0.0436,-0.0558,,,,,,,,p=0.05 seed=43097
rand_ce_p0.05_s48,random_baseline,ce,ok,579,167,0.012,0.2051,-0.1587,0.5838,0.7416,0.0538,-0.0591,,,,,,,,p=0.05 seed=43098
rand_ce_p0.05_s49,random_baseline,ce,ok,563,176,0.0082,0.1518,-0.175,0.5968,0.3162,0.0225,-0.0672,,,,,,,,p=0.05 seed=43099
ew48_buyhold,passive_null,none,ok,0,0,0.038,0.3004,-0.3843,,0.7101,0.1202,-0.1677,,,,,,,"J8 formula, consistency info"
ew48_monthly_rebal,passive_null,none,ok,0,0,0.0521,0.3792,-0.3652,,0.8051,0.1306,-0.116,,,,,,,"J8 formula, consistency info"
