member,kind,point,regime,full_sharpe,oos_sharpe,n_trades,verdict
PROS-ANTS-01,nbhd,"{""max_day"": 0.008}",default,-0.3434,0.1689,29,RED
PROS-ANTS-01,nbhd,"{""max_day"": 0.016}",default,0.0198,0.6041,439,RED
PROS-ANTS-01,center,,default,0.2599,0.6294,187,anchor=OK worst_year=-0.0227
PROS-ANTS-01,x3,,default,-0.2271,0.0682,187,
PROS-ANTS-CE-01,nbhd,"{""max_day"": 0.008}",ce,-0.3434,0.1689,29,RED
PROS-ANTS-CE-01,nbhd,"{""max_day"": 0.016}",ce,0.0427,0.5563,414,RED
PROS-ANTS-CE-01,center,,ce,0.2052,0.5221,177,anchor=OK worst_year=-0.0228
PROS-ANTS-CE-01,x3,,ce,-0.2564,0.0072,177,
PROS-BBS-01,nbhd,"{""bb_n"": 15}",default,0.3688,0.9089,546,green
PROS-BBS-01,nbhd,"{""bb_n"": 25}",default,0.7636,1.3147,722,green
PROS-BBS-01,nbhd,"{""k"": 1.7}",default,0.3621,0.1516,801,green
PROS-BBS-01,nbhd,"{""k"": 2.3}",default,0.2053,0.543,464,RED
PROS-BBS-01,nbhd,"{""width_n"": 40}",default,0.1463,0.3584,820,RED
PROS-BBS-01,nbhd,"{""width_n"": 80}",default,0.5711,0.8257,577,green
PROS-BBS-01,center,,default,0.2386,0.5315,672,anchor=OK worst_year=-0.0497
PROS-BBS-01,x3,,default,-0.4582,-0.1103,672,
PROS-BBS-CE-01,nbhd,"{""bb_n"": 15}",ce,0.387,1.0694,461,RED
PROS-BBS-CE-01,nbhd,"{""bb_n"": 25}",ce,0.8903,1.4779,511,green
PROS-BBS-CE-01,nbhd,"{""k"": 1.7}",ce,0.2712,-0.2603,600,RED
PROS-BBS-CE-01,nbhd,"{""k"": 2.3}",ce,0.1132,0.6292,348,RED
PROS-BBS-CE-01,nbhd,"{""width_n"": 40}",ce,0.2271,0.3668,612,RED
PROS-BBS-CE-01,nbhd,"{""width_n"": 80}",ce,0.6269,0.9791,420,green
PROS-BBS-CE-01,center,,ce,0.2384,0.6196,495,anchor=OK worst_year=-0.0536
PROS-BBS-CE-01,x3,,ce,-0.2635,0.1252,495,
PROS-DOJI-01,nbhd,"{""drop_th"": -0.04}",default,0.2591,-0.0662,710,RED
PROS-DOJI-01,nbhd,"{""drop_th"": -0.06}",default,0.09,-0.0937,397,RED
PROS-DOJI-01,center,,default,0.2102,0.3398,541,anchor=OK worst_year=-0.0601
PROS-DOJI-01,x3,,default,-0.2769,-0.1943,541,
PROS-DOJI-CE-01,nbhd,"{""drop_th"": -0.04}",ce,0.2687,0.0252,561,RED
PROS-DOJI-CE-01,nbhd,"{""drop_th"": -0.06}",ce,0.159,0.0432,301,RED
PROS-DOJI-CE-01,center,,ce,0.2438,0.4018,422,anchor=OK worst_year=-0.0568
PROS-DOJI-CE-01,x3,,ce,-0.1392,-0.0005,422,
PROS-DUCK-01,nbhd,"{""neck"": 12}",default,0.4531,0.7374,854,green
PROS-DUCK-01,nbhd,"{""neck"": 5}",default,0.5607,0.7545,1034,green
PROS-DUCK-01,center,,default,0.6817,0.8227,947,anchor=OK worst_year=-0.0242
PROS-DUCK-01,x3,,default,-0.161,-0.0408,947,
PROS-DUCK-CE-01,nbhd,"{""neck"": 12}",ce,0.5911,0.4946,719,green
PROS-DUCK-CE-01,nbhd,"{""neck"": 5}",ce,0.5832,0.1708,872,green
PROS-DUCK-CE-01,center,,ce,0.5347,0.6059,798,anchor=OK worst_year=-0.0695
PROS-DUCK-CE-01,x3,,ce,-0.1151,-0.0626,798,
PROS-HAM-01,nbhd,"{""body_max"": 0.25}",default,0.2097,0.4471,265,RED
PROS-HAM-01,nbhd,"{""body_max"": 0.45}",default,0.2326,0.1544,360,RED
PROS-HAM-01,nbhd,"{""drop_th"": -0.04}",default,-0.1971,-0.0683,522,RED
PROS-HAM-01,nbhd,"{""drop_th"": -0.06}",default,0.3277,0.0901,260,RED
PROS-HAM-01,nbhd,"{""shadow_mult"": 1.5}",default,0.238,0.0362,441,RED
PROS-HAM-01,nbhd,"{""shadow_mult"": 2.5}",default,0.0363,0.1043,263,RED
PROS-HAM-01,center,,default,0.2326,0.1544,360,anchor=OK worst_year=-0.0363
PROS-HAM-01,x3,,default,-0.1805,-0.3126,360,
PROS-HAM-CE-01,nbhd,"{""body_max"": 0.25}",ce,0.1418,0.4745,190,RED
PROS-HAM-CE-01,nbhd,"{""body_max"": 0.45}",ce,0.1957,0.1283,267,RED
PROS-HAM-CE-01,nbhd,"{""drop_th"": -0.04}",ce,-0.1568,0.043,383,RED
PROS-HAM-CE-01,nbhd,"{""drop_th"": -0.06}",ce,0.3337,0.092,197,RED
PROS-HAM-CE-01,nbhd,"{""shadow_mult"": 1.5}",ce,0.1434,-0.0691,325,RED
PROS-HAM-CE-01,nbhd,"{""shadow_mult"": 2.5}",ce,-0.008,0.1149,194,RED
PROS-HAM-CE-01,center,,ce,0.1957,0.1283,267,anchor=OK worst_year=-0.0393
PROS-HAM-CE-01,x3,,ce,-0.1065,-0.2264,267,
PROS-IBB-01,center,,default,0.2694,1.1122,1306,anchor=OK worst_year=-0.0937
PROS-IBB-01,x3,,default,-0.3181,0.1324,1300,
PROS-IBB-CE-01,center,,ce,0.3691,1.3755,1192,anchor=OK worst_year=-0.0879
PROS-IBB-CE-01,x3,,ce,-0.2242,0.3644,1192,
PROS-IMM-01,nbhd,"{""shadow_pct"": 0.01}",default,0.2113,1.2413,1355,RED
PROS-IMM-01,nbhd,"{""shadow_pct"": 0.02}",default,0.0218,0.3018,500,RED
PROS-IMM-01,center,,default,0.0447,0.432,906,anchor=OK worst_year=-0.1194
PROS-IMM-01,x3,,default,-0.5009,-0.1608,906,
PROS-IMM-CE-01,nbhd,"{""shadow_pct"": 0.01}",ce,0.1347,1.3132,1202,RED
PROS-IMM-CE-01,nbhd,"{""shadow_pct"": 0.02}",ce,-0.0636,0.2625,432,RED
PROS-IMM-CE-01,center,,ce,0.0208,0.3595,791,anchor=OK worst_year=-0.1183
PROS-IMM-CE-01,x3,,ce,-0.4574,-0.1528,791,
PROS-MCB-01,nbhd,"{""spread"": 0.01}",default,0.2348,0.8027,1173,RED
PROS-MCB-01,nbhd,"{""spread"": 0.02}",default,0.1823,0.5866,1355,RED
PROS-MCB-01,center,,default,0.2822,0.7651,1279,anchor=OK worst_year=-0.0588
PROS-MCB-01,x3,,default,-0.9912,-0.6808,1279,
PROS-MCB-CE-01,nbhd,"{""spread"": 0.01}",ce,0.3232,1.0814,1021,RED
PROS-MCB-CE-01,nbhd,"{""spread"": 0.02}",ce,0.2193,0.7196,1175,RED
PROS-MCB-CE-01,center,,ce,0.337,0.9458,1107,anchor=OK worst_year=-0.0437
PROS-MCB-CE-01,x3,,ce,-0.805,-0.3249,1107,
PROS-OVB-01,nbhd,"{""drop"": -0.1}",default,-0.0005,0.6991,310,RED
PROS-OVB-01,nbhd,"{""drop"": -0.2}",default,0.0516,-0.1648,39,RED
PROS-OVB-01,nbhd,"{""lookback"": 15}",default,0.5966,0.3347,68,green
PROS-OVB-01,nbhd,"{""lookback"": 25}",default,0.5081,0.7147,118,green
PROS-OVB-01,nbhd,"{""shrink"": 0.7}",default,0.2954,-0.5028,60,RED
PROS-OVB-01,nbhd,"{""shrink"": 0.9}",default,0.552,0.8278,196,green
PROS-OVB-01,center,,default,0.3318,0.4749,119,anchor=OK worst_year=-0.0182
PROS-OVB-01,x3,,default,-0.0519,0.0562,119,
PROS-OVB-CE-01,nbhd,"{""drop"": -0.1}",ce,0.0296,0.7222,305,RED
PROS-OVB-CE-01,nbhd,"{""drop"": -0.2}",ce,0.0596,-0.1648,37,RED
PROS-OVB-CE-01,nbhd,"{""lookback"": 15}",ce,0.6017,0.3347,67,green
PROS-OVB-CE-01,nbhd,"{""lookback"": 25}",ce,0.5238,0.7146,115,green
PROS-OVB-CE-01,nbhd,"{""shrink"": 0.7}",ce,0.3013,-0.5028,59,RED
PROS-OVB-CE-01,nbhd,"{""shrink"": 0.9}",ce,0.5804,0.8739,190,green
PROS-OVB-CE-01,center,,ce,0.335,0.4749,115,anchor=OK worst_year=-0.0176
PROS-OVB-CE-01,x3,,ce,-0.0363,0.0562,115,
PROS-RSRS-CE-01,nbhd,"{""buy_z"": 0.7}",ce,-0.0021,0.8346,664,RED
PROS-RSRS-CE-01,nbhd,"{""buy_z"": 0.9}",ce,0.0941,0.8395,662,RED
PROS-RSRS-CE-01,nbhd,"{""exit_z"": -0.7}",ce,-0.0317,0.7848,670,RED
PROS-RSRS-CE-01,nbhd,"{""exit_z"": -0.9}",ce,-0.0482,0.8128,652,RED
PROS-RSRS-CE-01,nbhd,"{""window"": 12}",ce,-0.2892,0.9154,718,RED
PROS-RSRS-CE-01,nbhd,"{""window"": 24}",ce,-0.0669,0.6611,610,RED
PROS-RSRS-CE-01,nbhd,"{""z_win"": 120}",ce,0.0882,0.5064,720,RED
PROS-RSRS-CE-01,nbhd,"{""z_win"": 480}",ce,0.0593,0.7817,551,RED
PROS-RSRS-CE-01,center,,ce,0.0334,0.8398,657,anchor=OK worst_year=-0.09
PROS-RSRS-CE-01,x3,,ce,-0.374,0.354,657,
PROS-TMU-01,nbhd,"{""big_yang"": 0.02}",default,0.2078,0.5313,136,RED
PROS-TMU-01,nbhd,"{""big_yang"": 0.04}",default,-0.5596,-0.5171,20,RED
PROS-TMU-01,center,,default,0.0897,0.5381,54,anchor=OK worst_year=-0.0199
PROS-TMU-01,x3,,default,-0.0835,0.3804,54,
PROS-TMU-CE-01,nbhd,"{""big_yang"": 0.02}",ce,0.2381,0.4951,123,RED
PROS-TMU-CE-01,nbhd,"{""big_yang"": 0.04}",ce,-0.5739,-0.6066,18,RED
PROS-TMU-CE-01,center,,ce,0.0945,0.5009,49,anchor=OK worst_year=-0.0198
PROS-TMU-CE-01,x3,,ce,-0.0646,0.3739,49,
PROS-VOB-CE-01,nbhd,"{""brk_len"": 15}",ce,0.4663,1.379,859,green
PROS-VOB-CE-01,nbhd,"{""brk_len"": 25}",ce,0.3029,0.3639,771,RED
PROS-VOB-CE-01,nbhd,"{""exit_len"": 14}",ce,0.5336,1.7897,804,green
PROS-VOB-CE-01,nbhd,"{""exit_len"": 7}",ce,0.3351,0.5765,829,RED
PROS-VOB-CE-01,nbhd,"{""vol_avg_len"": 15}",ce,0.4016,1.3117,822,RED
PROS-VOB-CE-01,nbhd,"{""vol_avg_len"": 25}",ce,0.3935,1.2498,801,RED
PROS-VOB-CE-01,nbhd,"{""vol_mult"": 1.3}",ce,0.4538,1.0752,851,green
PROS-VOB-CE-01,nbhd,"{""vol_mult"": 1.7}",ce,0.2785,1.0709,777,RED
PROS-VOB-CE-01,center,,ce,0.4665,1.267,803,anchor=OK worst_year=-0.0389
PROS-VOB-CE-01,x3,,ce,-0.0617,0.6978,803,
